scenario,controller,freqHz,gainDB,phaseLagDeg,saturated
A_sampling_rate,PID,5,-0.00632114676176855,-1.67183138847477,0
A_sampling_rate,Preview,5,3.0974864773584e-05,0.000453691386747599,0
A_sampling_rate,ADRC_Smith,5,-0.174236938994762,-10.2199127279276,0
A_sampling_rate,PID,7.31234673216815,-0.0135067437216865,-2.44305077590247,0
A_sampling_rate,Preview,7.31234673216815,3.27231859112776e-05,0.00066333396167728,0
A_sampling_rate,ADRC_Smith,7.31234673216815,-0.364375432539091,-14.6991221884207,0
A_sampling_rate,PID,10.69408294629,-0.0288325010944063,-3.56633554932441,0
A_sampling_rate,Preview,10.69408294629,3.64613663048561e-05,0.000969411272324514,0
A_sampling_rate,ADRC_Smith,10.69408294629,-0.74467905045084,-20.7832097748477,0
A_sampling_rate,PID,15.6397684971678,-0.0613942018801227,-5.19695924534854,0
A_sampling_rate,Preview,15.6397684971678,4.4451404864314e-05,0.00141589230962558,0
A_sampling_rate,ADRC_Smith,15.6397684971678,-1.45937603361327,-28.484124431799,0
A_sampling_rate,PID,22.8726820124263,-0.130115683360662,-7.54070746095577,0
A_sampling_rate,Preview,22.8726820124263,6.15165414892829e-05,0.00206533069829758,0
A_sampling_rate,ADRC_Smith,22.8726820124263,-2.67449652887654,-37.130159646921,0
A_sampling_rate,PID,33.4505963138973,-0.272914546930302,-10.8501235171126,0
A_sampling_rate,Preview,33.4505963138973,9.79052875431838e-05,0.00300262965961376,0
A_sampling_rate,ADRC_Smith,33.4505963138973,-4.48203091738011,-45.2287639162502,0
A_sampling_rate,PID,48.9204717290006,-0.560606258145107,-15.3549756838242,0
A_sampling_rate,Preview,48.9204717290006,0.000175236474809498,0.00433830511333606,0
A_sampling_rate,ADRC_Smith,48.9204717290006,-6.81440570385826,-51.0160979211897,0
A_sampling_rate,PID,71.5446903167364,-1.10851433928592,-21.0253581350043,0
A_sampling_rate,Preview,71.5446903167364,0.000338355102626711,0.00617802272829582,0
A_sampling_rate,ADRC_Smith,71.5446903167364,-9.47496126051988,-53.1999783416338,0
A_sampling_rate,PID,104.631916488314,-2.05283749434823,-27.2222906033555,0
A_sampling_rate,Preview,104.631916488314,0.000677095144442316,0.00852260534215611,0
A_sampling_rate,ADRC_Smith,104.631916488314,-12.2233323294136,-51.1400467685644,0
A_sampling_rate,PID,153.020970522762,-3.45319028254956,-32.3747002147495,0
A_sampling_rate,Preview,153.020970522762,0.00135649084721511,0.010904662554741,0
A_sampling_rate,ADRC_Smith,153.020970522762,-14.8302978121519,-44.8074712638089,0
A_sampling_rate,PID,223.788478751064,-5.11678990156935,-34.3978348272249,0
A_sampling_rate,Preview,223.788478751064,0.00260265898946254,0.0116321215521382,0
A_sampling_rate,ADRC_Smith,223.788478751064,-17.1753394680993,-35.0525736042138,0
A_sampling_rate,PID,327.283790258445,-6.37811454088465,-32.1771034140468,0
A_sampling_rate,Preview,327.283790258445,0.00447966488109353,0.00608643583491296,0
A_sampling_rate,ADRC_Smith,327.283790258445,-19.318674759578,-22.8546348333162,0
A_sampling_rate,PID,478.642510837589,-8.48970927340708,-37.3639535566637,0
A_sampling_rate,Preview,478.642510837589,0.00383415836375614,-0.0365198405679314,0
A_sampling_rate,ADRC_Smith,478.642510837589,-21.6342425690972,-3.96427237263659,0
A_sampling_rate,PID,700,-10.0320018669147,-51.1486318462017,0
A_sampling_rate,Preview,700,0.0039805790853681,-0.0460261787119663,0
A_sampling_rate,ADRC_Smith,700,-22.6087468365201,10.8447343582663,0
B_loop_rate,PID,0.5,-0.113122186184722,-6.85134384323619,0
B_loop_rate,Preview,0.5,-0.00893168615544295,4.49630910442981,0
B_loop_rate,PID,0.64952327208746,-0.187455742866578,-8.78877969631931,0
B_loop_rate,Preview,0.64952327208746,-0.0150571029276574,5.83222438177122,0
B_loop_rate,PID,0.843760961966401,-0.305835956492366,-11.2197334187192,0
B_loop_rate,Preview,0.843760961966401,-0.0261297881896173,7.55181751466815,0
B_loop_rate,PID,1.09608476175216,-0.49309431494735,-14.0641087776165,0
B_loop_rate,Preview,1.09608476175216,-0.0441737939419967,9.76516165686831,0
B_loop_rate,PID,1.42386512187693,-0.76912711414627,-17.3678266447049,0
B_loop_rate,Preview,1.42386512187693,-0.0751784455361791,12.6514972812951,0
B_loop_rate,PID,1.84966706594543,-1.14776051100408,-20.9278841912373,0
B_loop_rate,Preview,1.84966706594543,-0.125986736027237,16.5330077549417,0
B_loop_rate,PID,2.40280360989057,-1.60587187098212,-24.5391020831059,0
B_loop_rate,Preview,2.40280360989057,-0.22403887071166,21.1837609375251,0
B_loop_rate,PID,3.12135372575937,-2.09315775247397,-27.7734505157607,0
B_loop_rate,Preview,3.12135372575937,-0.360923642250591,27.9093129350218,0
B_loop_rate,PID,4.05478377059522,-2.42633497565101,-30.9201160335935,0
B_loop_rate,Preview,4.05478377059522,-0.671296501864381,35.1661988798258,0
B_loop_rate,PID,5.26735284456827,-2.41490427486292,-35.2891131860092,0
B_loop_rate,Preview,5.26735284456827,-1.00787656975574,47.1423310572939,0
B_loop_rate,PID,6.84253650968634,-1.60587910985526,-42.8740498967151,0
B_loop_rate,Preview,6.84253650968634,-2.25840525678097,58.8268989326955,0
B_loop_rate,PID,8.88877340629876,-0.238487670726924,-75.7443848033246,0
B_loop_rate,Preview,8.88877340629876,-2.45991668676416,72.7256754659576,0
B_loop_rate,PID,11.5469303754063,-1.91939421874671,-106.795407971526,0
B_loop_rate,Preview,11.5469303754063,-4.09461864223547,94.6249953985437,0
B_loop_rate,PID,15,-13.4572209884863,-126.628430416142,0
B_loop_rate,Preview,15,-10.9087484610724,116.443599279745,0
C_feedback_delay,PID,3,-0.0246514322099905,-3.33815916182919,0
C_feedback_delay,Preview,3,4.75993252708795e-05,0.000448121492802672,0
C_feedback_delay,ADRC_Smith,3,-6.29722297648766,-58.1062359848068,0
C_feedback_delay,PID,4.37097256522552,-0.0521313663745337,-4.84874221366426,0
C_feedback_delay,Preview,4.37097256522552,5.12175413596631e-05,0.000652237580242052,0
C_feedback_delay,ADRC_Smith,4.37097256522552,-8.98387094301527,-64.917446028742,0
C_feedback_delay,PID,6.36846705531807,-0.1097805580076,-7.01901566109709,0
C_feedback_delay,Preview,6.36846705531807,5.88915919159634e-05,0.000948168632482941,0
C_feedback_delay,ADRC_Smith,6.36846705531807,-11.9365005759845,-69.1529989667068,0
C_feedback_delay,PID,9.27879826044595,-0.229175441533378,-10.0895949098991,0
C_feedback_delay,Preview,9.27879826044595,7.51517764358722e-05,0.00137498944220399,0
C_feedback_delay,ADRC_Smith,9.27879826044595,-15.0255870310264,-70.9862370267844,0
C_feedback_delay,PID,13.5191242115572,-0.470111049888091,-14.300008090891,0
C_feedback_delay,Preview,13.5191242115572,0.000109532103414157,0.0019834236733218,0
C_feedback_delay,ADRC_Smith,13.5191242115572,-18.2017156067613,-71.6559002215712,0
C_feedback_delay,PID,19.6972403448642,-0.932661020653769,-19.7285474669843,0
C_feedback_delay,Preview,19.6972403448642,0.000181899271153619,0.00282816098060646,0
C_feedback_delay,ADRC_Smith,19.6972403448642,-21.5595280040057,-74.704561304733,0
C_feedback_delay,PID,28.6986990526849,-1.74603094901618,-25.9727802628948,0
C_feedback_delay,Preview,28.6986990526849,0.000332759774848623,0.00393193971403694,0
C_feedback_delay,ADRC_Smith,28.6986990526849,-25.1679776091766,-85.7527179751132,0
C_feedback_delay,PID,41.8137420723165,-2.99498963275145,-31.8670822347124,0
C_feedback_delay,Preview,41.8137420723165,0.00064072195641597,0.0051559568770277,0
C_feedback_delay,ADRC_Smith,41.8137420723165,-28.3432500954322,-107.940781540153,0
C_feedback_delay,PID,60.9222398158372,-4.59704010220587,-35.8177809895545,0
C_feedback_delay,Preview,60.9222398158372,0.00124056546618571,0.00581397019895277,0
C_feedback_delay,ADRC_Smith,60.9222398158372,-30.2903730214,-133.02449519951,0
C_feedback_delay,PID,88.7631462823715,-6.2567020726841,-37.033898765645,0
C_feedback_delay,Preview,88.7631462823715,0.00228481916773098,0.00366359141371643,0
C_feedback_delay,ADRC_Smith,88.7631462823715,-32.1828706360954,-152.992145008446,0
C_feedback_delay,PID,129.327092401115,-7.63415179880497,-37.1084841159301,0
C_feedback_delay,Preview,129.327092401115,0.00359446247637592,-0.0068143913584467,0
C_feedback_delay,ADRC_Smith,129.327092401115,-35.339385399947,-174.910456944672,0
C_feedback_delay,PID,188.428390941887,-8.95883215704625,-40.3257224452192,0
C_feedback_delay,Preview,188.428390941887,0.00335478888250923,-0.0326034934408058,0
C_feedback_delay,ADRC_Smith,188.428390941887,-38.2767335715713,140.17340194985,0
C_feedback_delay,PID,274.538442438859,-11.5885453298069,-43.9722503154219,0
C_feedback_delay,Preview,274.538442438859,-0.00312936261002897,-0.0543100034852681,0
C_feedback_delay,ADRC_Smith,274.538442438859,-34.821374363359,95.3731274527561,0
C_feedback_delay,PID,400,-14.8318590028093,-32.7679992895125,0
C_feedback_delay,Preview,400,-0.00972313250172686,0.0212344970555771,0
C_feedback_delay,ADRC_Smith,400,-29.8841738068471,83.6053471416521,0
D_actuator_bandwidth,PID,100,-6.62837223570426e-05,-0.198024133377971,0
D_actuator_bandwidth,Preview,100,0.000101146468991432,-0.00309853366316884,0
D_actuator_bandwidth,ADRC_Smith,100,-0.00135252763779471,-0.415457624403544,0
D_actuator_bandwidth,PID,144.498276552962,-0.000138364732092612,-0.286131117007748,0
D_actuator_bandwidth,Preview,144.498276552962,0.000172423486581694,-0.00448571031635472,0
D_actuator_bandwidth,ADRC_Smith,144.498276552962,-0.00282278666318432,-0.600041396547026,0
D_actuator_bandwidth,PID,208.797519267764,-0.000288756573541857,-0.413428293718848,0
D_actuator_bandwidth,Preview,208.797519267764,0.000321176206365027,-0.0065070986907587,0
D_actuator_bandwidth,ADRC_Smith,208.797519267764,-0.00588851728982028,-0.866188499042808,0
D_actuator_bandwidth,PID,301.708816827258,-0.000602259674680654,-0.597285505782712,0
D_actuator_bandwidth,Preview,301.708816827258,0.000631411469686841,-0.00947865166432852,0
D_actuator_bandwidth,ADRC_Smith,301.708816827258,-0.0122708349544715,-1.24899348711669,0
D_actuator_bandwidth,PID,435.964040523722,-0.00125472186330165,-0.862785105896763,0
D_actuator_bandwidth,Preview,435.964040523722,0.0012777653611743,-0.0139258673613044,0
D_actuator_bandwidth,ADRC_Smith,435.964040523722,-0.0255182307660997,-1.79694769877789,0
D_actuator_bandwidth,PID,629.960524947436,-0.00260780441222383,-1.24589189144824,0
D_actuator_bandwidth,Preview,629.960524947436,0.00262120313185682,-0.020811899540021,0
D_actuator_bandwidth,ADRC_Smith,629.960524947436,-0.0528395955376264,-2.57328222004631,0
D_actuator_bandwidth,PID,910.28210151304,-0.00539302927781662,-1.79764325418536,0
D_actuator_bandwidth,Preview,910.28210151304,0.00539901938924287,-0.0321302453824634,0
D_actuator_bandwidth,ADRC_Smith,910.28210151304,-0.108435960337442,-3.64957432008245,0
D_actuator_bandwidth,PID,1315.34194845643,-0.0110394824760609,-2.5901587577036,0
D_actuator_bandwidth,Preview,1315.34194845643,0.0110849103082824,-0.0525159421587597,0
D_actuator_bandwidth,ADRC_Smith,1315.34194845643,-0.218605430556309,-5.07673439719261,0
D_actuator_bandwidth,PID,1900.64644629769,-0.0221473862244823,-3.72181050553329,0
D_actuator_bandwidth,Preview,1900.64644629769,0.0224879799057721,-0.0935468606057785,0
D_actuator_bandwidth,ADRC_Smith,1900.64644629769,-0.425873971899672,-6.79984990718322,0
D_actuator_bandwidth,PID,2746.4013582653,-0.0426792436770564,-5.32042499015163,0
D_actuator_bandwidth,Preview,2746.4013582653,0.0444065328170159,-0.184225987863468,0
D_actuator_bandwidth,ADRC_Smith,2746.4013582653,-0.779293140968473,-8.4911538974769,0
D_actuator_bandwidth,PID,3968.5026299205,-0.0764773246491128,-7.54747682478758,0
D_actuator_bandwidth,Preview,3968.5026299205,0.0833550769032104,-0.392290131391841,0
D_actuator_bandwidth,ADRC_Smith,3968.5026299205,-1.28896967710042,-9.41886375999719,0
D_actuator_bandwidth,PID,5734.41790519411,-0.126316978483768,-10.7100205938533,1
D_actuator_bandwidth,Preview,5734.41790519411,0.143761903807223,-0.85031714981329,0
D_actuator_bandwidth,ADRC_Smith,5734.41790519411,-1.85060733819917,-8.70944766771328,0
D_actuator_bandwidth,PID,8286.13504334997,-0.280120932045271,-16.9221550591303,1
D_actuator_bandwidth,Preview,8286.13504334997,-0.237437493791466,-1.77861644561221,1
D_actuator_bandwidth,ADRC_Smith,8286.13504334997,-2.2306427589042,-6.13953069346486,0
D_actuator_bandwidth,PID,11973.3223304918,-1.18880839798145,-32.2647601801667,1
D_actuator_bandwidth,Preview,11973.3223304918,-1.53921979368356,-3.3609495684206,1
D_actuator_bandwidth,ADRC_Smith,11973.3223304918,-2.38234150188196,-2.82669933633758,1
D_actuator_bandwidth,PID,17301.2444136916,-3.33177319581166,-55.9302732547655,1
D_actuator_bandwidth,Preview,17301.2444136916,-3.57500196235815,-5.64152863253789,1
D_actuator_bandwidth,ADRC_Smith,17301.2444136916,-3.75439163433705,-2.90860358216796,1
D_actuator_bandwidth,PID,25000,-6.01164119743322,-76.5548241618374,1
D_actuator_bandwidth,Preview,25000,-6.11516367171692,-8.76865610869247,1
D_actuator_bandwidth,ADRC_Smith,25000,-6.18903227180527,-10.4852376736641,1
