target_nm,controller,tick,error_nm
500,IMC-PID,0,500
500,IMC-PID,1,270.913724062614
500,IMC-PID,2,214.559692887822
500,IMC-PID,3,144.884088219804
500,IMC-PID,4,103.632246339303
500,IMC-PID,5,72.2665849795029
500,IMC-PID,6,50.8425023717611
500,IMC-PID,7,35.6095770072075
500,IMC-PID,8,24.9716046809031
500,IMC-PID,9,17.4957894177193
500,IMC-PID,10,12.2592587760072
500,IMC-PID,11,8.58808769545948
500,IMC-PID,12,6.01607756476153
500,IMC-PID,13,4.21403386956143
500,IMC-PID,14,2.95167824432082
500,IMC-PID,15,2.06741109815175
500,IMC-PID,16,1.44802809677577
500,IMC-PID,17,1.01419424607957
500,IMC-PID,18,0.710331967837021
500,IMC-PID,19,0.497506454119502
500,IMC-PID,20,0.348444906511531
500,IMC-PID,21,0.244043999345536
500,IMC-PID,22,0.170923265652903
500,IMC-PID,23,0.119710860245675
500,IMC-PID,24,0.083842737081909
500,IMC-PID,25,0.0587214824713556
500,IMC-PID,26,0.0411271241511031
500,IMC-PID,27,0.0288044448997198
500,IMC-PID,28,0.0201739325360109
500,IMC-PID,29,0.0141293290146791
500,IMC-PID,30,0.00989583524756199
500,IMC-PID,31,0.00693079949598996
500,IMC-PID,32,0.00485416111052928
500,IMC-PID,33,0.00339973462791932
500,IMC-PID,34,0.00238109014469501
500,IMC-PID,35,0.00166765667756863
500,IMC-PID,36,0.00116798549510122
500,IMC-PID,37,0.000818028147307359
500,IMC-PID,38,0.000572926674124119
500,IMC-PID,39,0.000401263664457474
500,IMC-PID,40,0.000281035139380492
500,IMC-PID,41,0.000196830055870123
500,IMC-PID,42,0.000137854899207923
500,IMC-PID,43,9.65501589575979e-05
500,IMC-PID,44,6.76213413726146e-05
500,IMC-PID,45,4.73603136015299e-05
500,IMC-PID,46,3.3169991070281e-05
500,IMC-PID,47,2.32314407639933e-05
500,IMC-PID,48,1.62707260074058e-05
500,IMC-PID,49,1.13956136829074e-05
500,IMC-PID,50,7.98120572653715e-06
500,IMC-PID,51,5.58983896326026e-06
500,IMC-PID,52,3.91498480212249e-06
500,IMC-PID,53,2.74195826932555e-06
500,IMC-PID,54,1.92039982493952e-06
500,IMC-PID,55,1.34500055537501e-06
500,IMC-PID,56,9.42004930948315e-07
500,IMC-PID,57,6.59757120047288e-07
500,IMC-PID,58,4.62077366591984e-07
500,IMC-PID,59,3.23627659781778e-07
500,IMC-PID,60,2.26660915814136e-07
500,IMC-PID,61,1.58747582190699e-07
500,IMC-PID,62,1.11182828277379e-07
500,IMC-PID,63,7.7869742654002e-08
500,IMC-PID,64,5.45381908523268e-08
500,IMC-PID,65,3.81970721718972e-08
500,IMC-PID,66,2.67522750618809e-08
500,IMC-PID,67,1.87367277248995e-08
500,IMC-PID,68,1.31226443045307e-08
500,IMC-PID,69,9.19084186534747e-09
500,IMC-PID,70,6.43706243863562e-09
500,IMC-PID,71,4.50836523668841e-09
500,IMC-PID,72,3.1574813874613e-09
500,IMC-PID,73,2.21132268052315e-09
500,IMC-PID,74,1.5488694771193e-09
500,IMC-PID,75,1.08485664895852e-09
500,IMC-PID,76,7.59712293074699e-10
500,IMC-PID,77,5.32224930793745e-10
500,IMC-PID,78,3.72608610632597e-10
500,IMC-PID,79,2.61081822827691e-10
500,IMC-PID,80,1.82808435056359e-10
500,IMC-PID,81,1.27897692436818e-10
500,IMC-PID,82,8.98126018000767e-11
500,IMC-PID,83,6.28688212600537e-11
500,IMC-PID,84,4.39399627794046e-11
500,IMC-PID,85,3.09228198602796e-11
500,IMC-PID,86,2.14299689105246e-11
500,IMC-PID,87,1.50635059981141e-11
500,IMC-PID,88,1.06297193269711e-11
500,IMC-PID,89,7.33280103304423e-12
500,IMC-PID,90,5.11590769747272e-12
500,IMC-PID,91,3.5811353882309e-12
500,IMC-PID,92,2.44426701101474e-12
500,IMC-PID,93,1.81898940354586e-12
500,IMC-PID,94,1.36424205265939e-12
500,IMC-PID,95,9.09494701772928e-13
500,IMC-PID,96,6.82121026329696e-13
500,IMC-PID,97,2.27373675443232e-13
500,IMC-PID,98,2.27373675443232e-13
500,IMC-PID,99,2.27373675443232e-13
500,IMC-PID,100,2.27373675443232e-13
500,IMC-PID,101,0
500,IMC-PID,102,0
500,IMC-PID,103,0
500,IMC-PID,104,0
500,IMC-PID,105,0
500,IMC-PID,106,0
500,IMC-PID,107,0
500,IMC-PID,108,0
500,IMC-PID,109,0
500,IMC-PID,110,0
500,IMC-PID,111,0
500,IMC-PID,112,0
500,IMC-PID,113,0
500,IMC-PID,114,0
500,IMC-PID,115,0
500,IMC-PID,116,0
500,IMC-PID,117,0
500,IMC-PID,118,0
500,IMC-PID,119,0
500,IMC-PID,120,0
500,IMC-PID,121,0
500,IMC-PID,122,0
500,IMC-PID,123,0
500,IMC-PID,124,0
500,IMC-PID,125,0
500,IMC-PID,126,0
500,IMC-PID,127,0
500,IMC-PID,128,0
500,IMC-PID,129,0
500,IMC-PID,130,0
500,IMC-PID,131,0
500,IMC-PID,132,0
500,IMC-PID,133,0
500,IMC-PID,134,0
500,IMC-PID,135,0
500,IMC-PID,136,0
500,IMC-PID,137,0
500,IMC-PID,138,0
500,IMC-PID,139,0
500,IMC-PID,140,0
500,IMC-PID,141,0
500,IMC-PID,142,0
500,IMC-PID,143,0
500,IMC-PID,144,0
500,IMC-PID,145,0
500,IMC-PID,146,0
500,IMC-PID,147,0
500,IMC-PID,148,0
500,IMC-PID,149,0
500,IMC-PID,150,0
500,IMC-PID,151,0
500,IMC-PID,152,0
500,IMC-PID,153,0
500,IMC-PID,154,0
500,IMC-PID,155,0
500,IMC-PID,156,0
500,IMC-PID,157,0
500,IMC-PID,158,0
500,IMC-PID,159,0
500,IMC-PID,160,0
500,IMC-PID,161,0
500,IMC-PID,162,0
500,IMC-PID,163,0
500,IMC-PID,164,0
500,IMC-PID,165,0
500,IMC-PID,166,0
500,IMC-PID,167,0
500,IMC-PID,168,0
500,IMC-PID,169,0
500,IMC-PID,170,0
500,IMC-PID,171,0
500,IMC-PID,172,0
500,IMC-PID,173,0
500,IMC-PID,174,0
500,IMC-PID,175,0
500,IMC-PID,176,0
500,IMC-PID,177,0
500,IMC-PID,178,0
500,IMC-PID,179,0
500,IMC-PID,180,0
500,IMC-PID,181,0
500,IMC-PID,182,0
500,IMC-PID,183,0
500,IMC-PID,184,0
500,IMC-PID,185,0
500,IMC-PID,186,0
500,IMC-PID,187,0
500,IMC-PID,188,0
500,IMC-PID,189,0
500,IMC-PID,190,0
500,IMC-PID,191,0
500,IMC-PID,192,0
500,IMC-PID,193,0
500,IMC-PID,194,0
500,IMC-PID,195,0
500,IMC-PID,196,0
500,IMC-PID,197,0
500,IMC-PID,198,0
500,IMC-PID,199,0
500,IMC-PID,200,0
500,IMC-PID,201,0
500,IMC-PID,202,0
500,IMC-PID,203,0
500,IMC-PID,204,0
500,IMC-PID,205,0
500,IMC-PID,206,0
500,IMC-PID,207,0
500,IMC-PID,208,0
500,IMC-PID,209,0
500,IMC-PID,210,0
500,IMC-PID,211,0
500,IMC-PID,212,0
500,IMC-PID,213,0
500,IMC-PID,214,0
500,IMC-PID,215,0
500,IMC-PID,216,0
500,IMC-PID,217,0
500,IMC-PID,218,0
500,IMC-PID,219,0
500,IMC-PID,220,0
500,IMC-PID,221,0
500,IMC-PID,222,0
500,IMC-PID,223,0
500,IMC-PID,224,0
500,IMC-PID,225,0
500,IMC-PID,226,0
500,IMC-PID,227,0
500,IMC-PID,228,0
500,IMC-PID,229,0
500,IMC-PID,230,0
500,IMC-PID,231,0
500,IMC-PID,232,0
500,IMC-PID,233,0
500,IMC-PID,234,0
500,IMC-PID,235,0
500,IMC-PID,236,0
500,IMC-PID,237,0
500,IMC-PID,238,0
500,IMC-PID,239,0
500,IMC-PID,240,0
500,IMC-PID,241,0
500,IMC-PID,242,0
500,IMC-PID,243,0
500,IMC-PID,244,0
500,IMC-PID,245,0
500,IMC-PID,246,0
500,IMC-PID,247,0
500,IMC-PID,248,0
500,IMC-PID,249,0
500,IMC-PID,250,0
500,IMC-PID,251,0
500,IMC-PID,252,0
500,IMC-PID,253,0
500,IMC-PID,254,0
500,IMC-PID,255,0
500,IMC-PID,256,0
500,IMC-PID,257,0
500,IMC-PID,258,0
500,IMC-PID,259,0
500,IMC-PID,260,0
500,IMC-PID,261,0
500,IMC-PID,262,0
500,IMC-PID,263,0
500,IMC-PID,264,0
500,IMC-PID,265,0
500,IMC-PID,266,0
500,IMC-PID,267,0
500,IMC-PID,268,0
500,IMC-PID,269,0
500,IMC-PID,270,0
500,IMC-PID,271,0
500,IMC-PID,272,0
500,IMC-PID,273,0
500,IMC-PID,274,0
500,IMC-PID,275,0
500,IMC-PID,276,0
500,IMC-PID,277,0
500,IMC-PID,278,0
500,IMC-PID,279,0
500,IMC-PID,280,0
500,IMC-PID,281,0
500,IMC-PID,282,0
500,IMC-PID,283,0
500,IMC-PID,284,0
500,IMC-PID,285,0
500,IMC-PID,286,0
500,IMC-PID,287,0
500,IMC-PID,288,0
500,IMC-PID,289,0
500,IMC-PID,290,0
500,IMC-PID,291,0
500,IMC-PID,292,0
500,IMC-PID,293,0
500,IMC-PID,294,0
500,IMC-PID,295,0
500,IMC-PID,296,0
500,IMC-PID,297,0
500,IMC-PID,298,0
500,IMC-PID,299,0
500,IMC-PID,300,0
500,IMC-PID,301,0
500,IMC-PID,302,0
500,IMC-PID,303,0
500,IMC-PID,304,0
500,IMC-PID,305,0
500,IMC-PID,306,0
500,IMC-PID,307,0
500,IMC-PID,308,0
500,IMC-PID,309,0
500,IMC-PID,310,0
500,IMC-PID,311,0
500,IMC-PID,312,0
500,IMC-PID,313,0
500,IMC-PID,314,0
500,IMC-PID,315,0
500,IMC-PID,316,0
500,IMC-PID,317,0
500,IMC-PID,318,0
500,IMC-PID,319,0
500,IMC-PID,320,0
500,IMC-PID,321,0
500,IMC-PID,322,0
500,IMC-PID,323,0
500,IMC-PID,324,0
500,IMC-PID,325,0
500,IMC-PID,326,0
500,IMC-PID,327,0
500,IMC-PID,328,0
500,IMC-PID,329,0
500,IMC-PID,330,0
500,IMC-PID,331,0
500,IMC-PID,332,0
500,IMC-PID,333,0
500,IMC-PID,334,0
500,IMC-PID,335,0
500,IMC-PID,336,0
500,IMC-PID,337,0
500,IMC-PID,338,0
500,IMC-PID,339,0
500,IMC-PID,340,0
500,IMC-PID,341,0
500,IMC-PID,342,0
500,IMC-PID,343,0
500,IMC-PID,344,0
500,IMC-PID,345,0
500,IMC-PID,346,0
500,IMC-PID,347,0
500,IMC-PID,348,0
500,IMC-PID,349,0
500,IMC-PID,350,0
500,IMC-PID,351,0
500,IMC-PID,352,0
500,IMC-PID,353,0
500,IMC-PID,354,0
500,IMC-PID,355,0
500,IMC-PID,356,0
500,IMC-PID,357,0
500,IMC-PID,358,0
500,IMC-PID,359,0
500,IMC-PID,360,0
500,IMC-PID,361,0
500,IMC-PID,362,0
500,IMC-PID,363,0
500,IMC-PID,364,0
500,IMC-PID,365,0
500,IMC-PID,366,0
500,IMC-PID,367,0
500,IMC-PID,368,0
500,IMC-PID,369,0
500,IMC-PID,370,0
500,IMC-PID,371,0
500,IMC-PID,372,0
500,IMC-PID,373,0
500,IMC-PID,374,0
500,IMC-PID,375,0
500,IMC-PID,376,0
500,IMC-PID,377,0
500,IMC-PID,378,0
500,IMC-PID,379,0
500,IMC-PID,380,0
500,IMC-PID,381,0
500,IMC-PID,382,0
500,IMC-PID,383,0
500,IMC-PID,384,0
500,IMC-PID,385,0
500,IMC-PID,386,0
500,IMC-PID,387,0
500,IMC-PID,388,0
500,IMC-PID,389,0
500,IMC-PID,390,0
500,IMC-PID,391,0
500,IMC-PID,392,0
500,IMC-PID,393,0
500,IMC-PID,394,0
500,IMC-PID,395,0
500,IMC-PID,396,0
500,IMC-PID,397,0
500,IMC-PID,398,0
500,IMC-PID,399,0
500,IMC-PID,400,0
500,IMC-PID,401,0
500,IMC-PID,402,0
500,IMC-PID,403,0
500,IMC-PID,404,0
500,IMC-PID,405,0
500,IMC-PID,406,0
500,IMC-PID,407,0
500,IMC-PID,408,0
500,IMC-PID,409,0
500,IMC-PID,410,0
500,IMC-PID,411,0
500,IMC-PID,412,0
500,IMC-PID,413,0
500,IMC-PID,414,0
500,IMC-PID,415,0
500,IMC-PID,416,0
500,IMC-PID,417,0
500,IMC-PID,418,0
500,IMC-PID,419,0
500,IMC-PID,420,0
500,IMC-PID,421,0
500,IMC-PID,422,0
500,IMC-PID,423,0
500,IMC-PID,424,0
500,IMC-PID,425,0
500,IMC-PID,426,0
500,IMC-PID,427,0
500,IMC-PID,428,0
500,IMC-PID,429,0
500,IMC-PID,430,0
500,IMC-PID,431,0
500,IMC-PID,432,0
500,IMC-PID,433,0
500,IMC-PID,434,0
500,IMC-PID,435,0
500,IMC-PID,436,0
500,IMC-PID,437,0
500,IMC-PID,438,0
500,IMC-PID,439,0
500,IMC-PID,440,0
500,IMC-PID,441,0
500,IMC-PID,442,0
500,IMC-PID,443,0
500,IMC-PID,444,0
500,IMC-PID,445,0
500,IMC-PID,446,0
500,IMC-PID,447,0
500,IMC-PID,448,0
500,IMC-PID,449,0
500,IMC-PID,450,0
500,IMC-PID,451,0
500,IMC-PID,452,0
500,IMC-PID,453,0
500,IMC-PID,454,0
500,IMC-PID,455,0
500,IMC-PID,456,0
500,IMC-PID,457,0
500,IMC-PID,458,0
500,IMC-PID,459,0
500,IMC-PID,460,0
500,IMC-PID,461,0
500,IMC-PID,462,0
500,IMC-PID,463,0
500,IMC-PID,464,0
500,IMC-PID,465,0
500,IMC-PID,466,0
500,IMC-PID,467,0
500,IMC-PID,468,0
500,IMC-PID,469,0
500,IMC-PID,470,0
500,IMC-PID,471,0
500,IMC-PID,472,0
500,IMC-PID,473,0
500,IMC-PID,474,0
500,IMC-PID,475,0
500,IMC-PID,476,0
500,IMC-PID,477,0
500,IMC-PID,478,0
500,IMC-PID,479,0
500,IMC-PID,480,0
500,IMC-PID,481,0
500,IMC-PID,482,0
500,IMC-PID,483,0
500,IMC-PID,484,0
500,IMC-PID,485,0
500,IMC-PID,486,0
500,IMC-PID,487,0
500,IMC-PID,488,0
500,IMC-PID,489,0
500,IMC-PID,490,0
500,IMC-PID,491,0
500,IMC-PID,492,0
500,IMC-PID,493,0
500,IMC-PID,494,0
500,IMC-PID,495,0
500,IMC-PID,496,0
500,IMC-PID,497,0
500,IMC-PID,498,0
500,IMC-PID,499,0
500,IMC-PID,500,0
500,IMC-PID,501,0
500,IMC-PID,502,0
500,IMC-PID,503,0
500,IMC-PID,504,0
500,IMC-PID,505,0
500,IMC-PID,506,0
500,IMC-PID,507,0
500,IMC-PID,508,0
500,IMC-PID,509,0
500,IMC-PID,510,0
500,IMC-PID,511,0
500,IMC-PID,512,0
500,IMC-PID,513,0
500,IMC-PID,514,0
500,IMC-PID,515,0
500,IMC-PID,516,0
500,IMC-PID,517,0
500,IMC-PID,518,0
500,IMC-PID,519,0
500,IMC-PID,520,0
500,IMC-PID,521,0
500,IMC-PID,522,0
500,IMC-PID,523,0
500,IMC-PID,524,0
500,IMC-PID,525,0
500,ADRC,0,500
500,ADRC,1,485.026303204209
500,ADRC,2,478.548970229751
500,ADRC,3,471.664521055564
500,ADRC,4,464.854690217379
500,ADRC,5,458.101582866715
500,ADRC,6,451.407791768963
500,ADRC,7,444.774909421416
500,ADRC,8,438.204408465514
500,ADRC,9,431.697614937472
500,ADRC,10,425.255717889202
500,ADRC,11,418.879777130931
500,ADRC,12,412.570730660938
500,ADRC,13,406.329401732893
500,ADRC,14,400.156505576881
500,ADRC,15,394.052655787554
500,ADRC,16,388.018370392814
500,ADRC,17,382.054077616285
500,ADRC,18,376.160121346602
500,ADRC,19,370.33676632627
500,ADRC,20,364.584203072536
500,ADRC,21,358.902552542388
500,ADRC,22,353.291870553429
500,ADRC,23,347.752151972
500,ADRC,24,342.28333467954
500,ADRC,25,336.885303327782
500,ADRC,26,331.55789289298
500,ADRC,27,326.300892038962
500,ADRC,28,321.114046298421
500,ADRC,29,315.997061081467
500,ADRC,30,310.949604520051
500,ADRC,31,305.971310156538
500,ADRC,32,301.061779484305
500,ADRC,33,296.220584347904
500,ADRC,34,291.447269209964
500,ADRC,35,286.741353291694
500,ADRC,36,282.102332593505
500,ADRC,37,277.529681801966
500,ADRC,38,273.022856089001
500,ADRC,39,268.581292808966
500,ADRC,40,264.204413098926
500,ADRC,41,259.891623387246
500,ADRC,42,255.64231681529
500,ADRC,43,251.455874576839
500,ADRC,44,247.33166717956
500,ADRC,45,243.269055632664
500,ADRC,46,239.267392564683
500,ADRC,47,235.326023275056
500,ADRC,48,231.444286723087
500,ADRC,49,227.621516457584
500,ADRC,50,223.857041490376
500,ADRC,51,220.1501871167
500,ADRC,52,216.500275685314
500,ADRC,53,212.906627321025
500,ADRC,54,209.368560602215
500,ADRC,55,205.885393195761
500,ADRC,56,202.45644245167
500,ADRC,57,199.08102595959
500,ADRC,58,195.758462069275
500,ADRC,59,192.488070376942
500,ADRC,60,189.269172179387
500,ADRC,61,186.101090897598
500,ADRC,62,182.983152471539
500,ADRC,63,179.914685727675
500,ADRC,64,176.89502272072
500,ADRC,65,173.923499051037
500,ADRC,66,170.999454159008
500,ADRC,67,168.122231597656
500,ADRC,68,165.291179284712
500,ADRC,69,162.505649735266
500,ADRC,70,159.765000276074
500,ADRC,71,157.068593242546
500,ADRC,72,154.415796159384
500,ADRC,73,151.805981905774
500,ADRC,74,149.238528866008
500,ADRC,75,146.712821066357
500,ADRC,76,144.228248298968
500,ADRC,77,141.784206233527
500,ADRC,78,139.380096517377
500,ADRC,79,137.015326864769
500,ADRC,80,134.689311135856
500,ADRC,81,132.401469406031
500,ADRC,82,130.151228026167
500,ADRC,83,127.938019674305
500,ADRC,84,125.76128339927
500,ADRC,85,123.620464656719
500,ADRC,86,121.515015338058
500,ADRC,87,119.444393792658
500,ADRC,88,117.408064843784
500,ADRC,89,115.405499798613
500,ADRC,90,113.436176452716
500,ADRC,91,111.499579089337
500,ADRC,92,109.595198473804
500,ADRC,93,107.722531843384
500,ADRC,94,105.881082892864
500,ADRC,95,104.070361756152
500,ADRC,96,102.289884984146
500,ADRC,97,100.539175519131
500,ADRC,98,98.817762665931
500,ADRC,99,97.1251820600519
500,ADRC,100,95.46097563301
500,ADRC,101,93.8246915750612
500,ADRC,102,92.2158842955121
500,ADRC,103,90.6341143807956
500,ADRC,104,89.0789485504783
500,ADRC,105,87.5499596113632
500,ADRC,106,86.046726409836
500,ADRC,107,84.5688337826029
500,ADRC,108,83.11587250595
500,ADRC,109,81.6874392436592
500,ADRC,110,80.2831364936969
500,ADRC,111,78.9025725337921
500,ADRC,112,77.5453613660128
500,ADRC,113,76.2111226604418
500,ADRC,114,74.89948169805
500,ADRC,115,73.6100693128559
500,ADRC,116,72.3425218334614
500,ADRC,117,71.0964810240416
500,ADRC,118,69.8715940248661
500,ADRC,119,68.6675132924256
500,ADRC,120,67.4838965392299
500,ADRC,121,66.3204066733426
500,ADRC,122,65.1767117377123
500,ADRC,123,64.0524848493571
500,ADRC,124,62.9474041384573
500,ADRC,125,61.8611526874033
500,ADRC,126,60.7934184698498
500,ADRC,127,59.743894289817
500,ADRC,128,58.7122777208842
500,ADRC,129,57.6982710455092
500,ADRC,130,56.7015811945179
500,ADRC,131,55.7219196867898
500,ADRC,132,54.7590025691787
500,ADRC,133,53.8125503566907
500,ADRC,134,52.8822879729572
500,ADRC,135,51.9679446910184
500,ADRC,136,51.0692540744501
500,ADRC,137,50.1859539188499
500,ADRC,138,49.3177861937085
500,ADRC,139,48.464496984681
500,ADRC,140,47.6258364362801
500,ADRC,141,46.8015586950058
500,ADRC,142,45.991421852925
500,ADRC,143,45.1951878917187
500,ADRC,144,44.4126226272071
500,ADRC,145,43.6434956543637
500,ADRC,146,42.8875802928324
500,ADRC,147,42.1446535329526
500,ADRC,148,41.4144959823052
500,ADRC,149,40.6968918127839
500,ADRC,150,39.9916287082012
500,ADRC,151,39.2984978124346
500,ADRC,152,38.617293678117
500,ADRC,153,37.9478142158794
500,ADRC,154,37.2898606441437
500,ADRC,155,36.6432374394787
500,ADRC,156,36.0077522875106
500,ADRC,157,35.3832160343998
500,ADRC,158,34.7694426388809
500,ADRC,159,34.166249124868
500,ADRC,160,33.573455534626
500,ADRC,161,32.9908848825089
500,ADRC,162,32.4183631092636
500,ADRC,163,31.8557190369009
500,ADRC,164,31.3027843241298
500,ADRC,165,30.759393422357
500,ADRC,166,30.2253835322469
500,ADRC,167,29.7005945608434
500,ADRC,168,29.1848690792487
500,ADRC,169,28.6780522808577
500,ADRC,170,28.1799919401468
500,ADRC,171,27.690538372011
500,ADRC,172,27.2095443916486
500,ADRC,173,26.7368652749899
500,ADRC,174,26.2723587196657
500,ADRC,175,25.815884806512
500,ADRC,176,25.3673059616075
500,ADRC,177,24.9264869188393
500,ADRC,178,24.4932946829933
500,ADRC,179,24.0675984933657
500,ADRC,180,23.649269787887
500,ADRC,181,23.2381821677617
500,ADRC,182,22.8342113626114
500,ADRC,183,22.4372351961208
500,ADRC,184,22.0471335521808
500,ADRC,185,21.663788341525
500,ADRC,186,21.2870834688526
500,ADRC,187,20.9169048004331
500,ADRC,188,20.5531401321907
500,ADRC,189,20.1956791582596
500,ADRC,190,19.8444134400069
500,ADRC,191,19.499236375518
500,ADRC,192,19.1600431695389
500,ADRC,193,18.8267308038709
500,ADRC,194,18.499198008211
500,ADRC,195,18.1773452314354
500,ADRC,196,17.8610746133184
500,ADRC,197,17.5502899566814
500,ADRC,198,17.2448966999705
500,ADRC,199,16.9448018902521
500,ADRC,200,16.6499141566255
500,ADRC,201,16.3601436840459
500,ADRC,202,16.0754021875507
500,ADRC,203,15.795602886889
500,ADRC,204,15.5206604815422
500,ADRC,205,15.250491126137
500,ADRC,206,14.9850124062419
500,ADRC,207,14.7241433145438
500,ADRC,208,14.4678042273975
500,ADRC,209,14.2159168817469
500,ADRC,210,13.9684043524081
500,ADRC,211,13.7251910297147
500,ADRC,212,13.4862025975158
500,ADRC,213,13.2513660115234
500,ADRC,214,13.0206094780062
500,ADRC,215,12.7938624328226
500,ADRC,216,12.5710555207874
500,ADRC,217,12.3521205753721
500,ADRC,218,12.1369905987289
500,ADRC,219,11.9255997420354
500,ADRC,220,11.7178832861575
500,ADRC,221,11.5137776226231
500,ADRC,222,11.3132202349035
500,ADRC,223,11.1161496799986
500,ADRC,224,10.9225055703186
500,ADRC,225,10.732228555862
500,ADRC,226,10.5452603066824
500,ADRC,227,10.3615434956411
500,ADRC,228,10.1810217814404
500,ADRC,229,10.0036397919353
500,ADRC,230,9.8293431077156
500,ADRC,231,9.65807824596084
500,ADRC,232,9.48979264455556
500,ADRC,233,9.32443464646821
500,ADRC,234,9.16195348438703
500,ADRC,235,9.00229926560576
500,ADRC,236,8.84542295716221
500,ADRC,237,8.69127637121977
500,ADRC,238,8.53981215069058
500,ADRC,239,8.39098375509695
500,ADRC,240,8.24474544666634
500,ADRC,241,8.10105227665758
500,ADRC,242,7.95986007191198
500,ADRC,243,7.82112542163071
500,ADRC,244,7.6848056643687
500,ADRC,245,7.55085887524785
500,ADRC,246,7.41924385338052
500,ADRC,247,7.28992010950492
500,ADRC,248,7.16284785382567
500,ADRC,249,7.03798798405649
500,ADRC,250,6.91530207366537
500,ADRC,251,6.79475236031317
500,ADRC,252,6.67630173448845
500,ADRC,253,6.55991372833068
500,ADRC,254,6.44555250464282
500,ADRC,255,6.33318284608612
500,ADRC,256,6.2227701445583
500,ADRC,257,6.11428039074849
500,ADRC,258,6.00768016386985
500,ADRC,259,5.90293662156262
500,ADRC,260,5.80001748996989
500,ADRC,261,5.69889105397795
500,ADRC,262,5.59952614762318
500,ADRC,263,5.50189214465979
500,ADRC,264,5.40595894928731
500,ADRC,265,5.31169698703513
500,ADRC,266,5.21907719579957
500,ADRC,267,5.1280710170347
500,ADRC,268,5.0386503870908
500,ADRC,269,4.95078772869988
500,ADRC,270,4.86445594260573
500,ADRC,271,4.77962839933616
500,ADRC,272,4.6962789311134
500,ADRC,273,4.61438182390401
500,ADRC,274,4.53391180960188
500,ADRC,275,4.45484405834532
500,ADRC,276,4.37715417096388
500,ADRC,277,4.30081817155371
500,ADRC,278,4.22581250018141
500,ADRC,279,4.15211400570729
500,ADRC,280,4.07969993873689
500,ADRC,281,4.00854794468756
500,ADRC,282,3.93863605697618
500,ADRC,283,3.86994269032203
500,ADRC,284,3.80244663416403
500,ADRC,285,3.73612704619052
500,ADRC,286,3.67096344597917
500,ADRC,287,3.60693570874577
500,ADRC,288,3.54402405920001
500,ADRC,289,3.48220906550728
500,ADRC,290,3.42147163335028
500,ADRC,291,3.36179300009672
500,ADRC,292,3.30315472906352
500,ADRC,293,3.24553870388161
500,ADRC,294,3.18892712295519
500,ADRC,295,3.1333024940169
500,ADRC,296,3.07864762877642
500,ADRC,297,3.02494563766112
500,ADRC,298,2.97217992464573
500,ADRC,299,2.92033418217181
500,ADRC,300,2.86939238615435
500,ADRC,301,2.81933879107311
500,ADRC,302,2.77015792514942
500,ADRC,303,2.72183458560585
500,ADRC,304,2.67435383400527
500,ADRC,305,2.62770099167392
500,ADRC,306,2.58186163519872
500,ADRC,307,2.53682159200514
500,ADRC,308,2.49256693601086
500,ADRC,309,2.44908398335144
500,ADRC,310,2.40635928818375
500,ADRC,311,2.36437963855855
500,ADRC,312,2.32313205236483
500,ADRC,313,2.28260377334544
500,ADRC,314,2.24278226717894
500,ADRC,315,2.20365521763119
500,ADRC,316,2.16521052277108
500,ADRC,317,2.12743629125447
500,ADRC,318,2.09032083866941
500,ADRC,319,2.05385268394537
500,ADRC,320,2.0180205458251
500,ADRC,321,1.98281333939627
500,ADRC,322,1.94822017268365
500,ADRC,323,1.9142303433004
500,ADRC,324,1.88083333515556
500,ADRC,325,1.84801881522111
500,ADRC,326,1.81577663035227
500,ADRC,327,1.7840968041636
500,ADRC,328,1.75296953396037
500,ADRC,329,1.72238518772036
500,ADRC,330,1.69233430113076
500,ADRC,331,1.66280757467371
500,ADRC,332,1.633795870764
500,ADRC,333,1.60529021093578
500,ADRC,334,1.57728177307683
500,ADRC,335,1.54976188871285
500,ADRC,336,1.52272204033665
500,ADRC,337,1.49615385878434
500,ADRC,338,1.47004912065825
500,ADRC,339,1.44439974579171
500,ADRC,340,1.41919779475955
500,ADRC,341,1.39443546643247
500,ADRC,342,1.3701050955712
500,ADRC,343,1.34619915046494
500,ADRC,344,1.322710230609
500,ADRC,345,1.29963106442301
500,ADRC,346,1.27695450700975
500,ADRC,347,1.25467353795079
500,ADRC,348,1.23278125914277
500,ADRC,349,1.21127089266918
500,ADRC,350,1.1901357787093
500,ADRC,351,1.16936937348532
500,ADRC,352,1.14896524724224
500,ADRC,353,1.12891708226425
500,ADRC,354,1.10921867092668
500,ADRC,355,1.08986391377914
500,ADRC,356,1.07084681766366
500,ADRC,357,1.05216149386524
500,ADRC,358,1.03380215629426
500,ADRC,359,1.01576311970018
500,ADRC,360,0.998038797917218
500,ADRC,361,0.980623702139098
500,ADRC,362,0.963512439224644
500,ADRC,363,0.946699710033386
500,ADRC,364,0.930180307787339
500,ADRC,365,0.913949116465858
500,ADRC,366,0.898001109222776
500,ADRC,367,0.882331346836622
500,ADRC,368,0.866934976183245
500,ADRC,369,0.851807228736675
500,ADRC,370,0.836943419097906
500,ADRC,371,0.82233894354556
500,ADRC,372,0.807989278614571
500,ADRC,373,0.793889979698179
500,ADRC,374,0.780036679675391
500,ADRC,375,0.766425087560322
500,ADRC,376,0.753050987177744
500,ADRC,377,0.739910235858758
500,ADRC,378,0.726998763161419
500,ADRC,379,0.714312569612503
500,ADRC,380,0.701847725471055
500,ADRC,381,0.689600369513983
500,ADRC,382,0.677566707842459
500,ADRC,383,0.665743012709413
500,ADRC,384,0.654125621366347
500,ADRC,385,0.642710934932097
500,ADRC,386,0.631495417278927
500,ADRC,387,0.620475593940625
500,ADRC,388,0.609648051036856
500,ADRC,389,0.599009434218146
500,ADRC,390,0.588556447628662
500,ADRC,391,0.57828585288712
500,ADRC,392,0.568194468084528
500,ADRC,393,0.558279166801981
500,ADRC,394,0.548536877140975
500,ADRC,395,0.538964580775882
500,ADRC,396,0.529559312018478
500,ADRC,397,0.52031815690242
500,ADRC,398,0.511238252279838
500,ADRC,399,0.502316784937193
500,ADRC,400,0.493550990724486
500,ADRC,401,0.484938153700284
500,ADRC,402,0.476475605291284
500,ADRC,403,0.468160723466724
500,ADRC,404,0.459990931927109
500,ADRC,405,0.451963699307271
500,ADRC,406,0.444076538393233
500,ADRC,407,0.436327005352382
500,ADRC,408,0.42871269897671
500,ADRC,409,0.421231259941464
500,ADRC,410,0.413880370073059
500,ADRC,411,0.406657751632792
500,ADRC,412,0.399561166611761
500,ADRC,413,0.392588416038677
500,ADRC,414,0.385737339298203
500,ADRC,415,0.379005813463436
500,ADRC,416,0.372391752637554
500,ADRC,417,0.365893107309944
500,ADRC,418,0.359507863720125
500,ADRC,419,0.353234043235375
500,ADRC,420,0.347069701737894
500,ADRC,421,0.34101292902352
500,ADRC,422,0.335061848209762
500,ADRC,423,0.329214615154967
500,ADRC,424,0.323469417887623
500,ADRC,425,0.317824476045587
500,ADRC,426,0.312278040324372
500,ADRC,427,0.306828391935994
500,ADRC,428,0.301473842076575
500,ADRC,429,0.296212731403216
500,ADRC,430,0.291043429521778
500,ADRC,431,0.285964334479786
500,ADRC,432,0.280973872272227
500,ADRC,433,0.276070496352872
500,ADRC,434,0.271252687157016
500,ADRC,435,0.266518951629223
500,ADRC,436,0.261867822761985
500,ADRC,437,0.257297859141659
500,ADRC,438,0.252807644501161
500,ADRC,439,0.248395787282334
500,ADRC,440,0.244060920204447
500,ADRC,441,0.239801699840768
500,ADRC,442,0.235616806203268
500,ADRC,443,0.231504942332947
500,ADRC,444,0.227464833898466
500,ADRC,445,0.223495228801596
500,ADRC,446,0.219594896789431
500,ADRC,447,0.215762629073595
500,ADRC,448,0.21199723795479
500,ADRC,449,0.208297556456841
500,ADRC,450,0.204662437962952
500,ADRC,451,0.201090755862765
500,ADRC,452,0.197581403201866
500,ADRC,453,0.19413329233987
500,ADRC,454,0.190745354612318
500,ADRC,455,0.187416540001777
500,ADRC,456,0.184145816810371
500,ADRC,457,0.180932171341055
500,ADRC,458,0.17777460758407
500,ADRC,459,0.174672146908279
500,ADRC,460,0.171623827756889
500,ADRC,461,0.168628705351409
500,ADRC,462,0.165685851397711
500,ADRC,463,0.162794353798745
500,ADRC,464,0.159953316371968
500,ADRC,465,0.157161858572067
500,ADRC,466,0.154419115217706
500,ADRC,467,0.151724236223913
500,ADRC,468,0.149076386338095
500,ADRC,469,0.146474744882141
500,ADRC,470,0.143918505497709
500,ADRC,471,0.141406875896052
500,ADRC,472,0.138939077613543
500,ADRC,473,0.136514345769513
500,ADRC,474,0.134131928829845
500,ADRC,475,0.131791088373348
500,ADRC,476,0.129491098864492
500,ADRC,477,0.127231247427346
500,ADRC,478,0.125010833624913
500,ADRC,479,0.122829169242664
500,ADRC,480,0.120685578074301
500,ADRC,481,0.118579395713709
500,ADRC,482,0.11650996934759
500,ADRC,483,0.114476657554007
500,ADRC,484,0.112478830103669
500,ADRC,485,0.110515867764548
500,ADRC,486,0.108587162109643
500,ADRC,487,0.106692115328997
500,ADRC,488,0.104830140044498
500,ADRC,489,0.103000659126792
500,ADRC,490,0.101203105518266
500,ADRC,491,0.0994369220555882
500,ADRC,492,0.0977015612980949
500,ADRC,493,0.0959964853581141
500,ADRC,494,0.0943211657336178
500,ADRC,495,0.0926750831455365
500,ADRC,496,0.0910577273756417
500,ADRC,497,0.0894685971093736
500,ADRC,498,0.0879071997798064
500,ADRC,499,0.0863730514157623
500,ADRC,500,0.0848656764907787
500,ADRC,501,0.0833846077776457
500,ADRC,502,0.0819293862010113
500,ADRC,503,0.0804995606972057
500,ADRC,504,0.0790946880737806
500,ADRC,505,0.0777143328717784
500,ADRC,506,0.076358067231638
500,ADRC,507,0.0750254707593285
500,ADRC,508,0.0737161303975995
500,ADRC,509,0.0724296402971163
500,ADRC,510,0.0711656016905522
500,ADRC,511,0.0699236227694655
500,ADRC,512,0.0687033185623704
500,ADRC,513,0.0675043108161617
500,ADRC,514,0.0663262278781644
500,ADRC,515,0.0651687045814811
500,ADRC,516,0.0640313821314749
500,ADRC,517,0.0629139079945276
500,ADRC,518,0.0618159357896957
500,ADRC,519,0.0607371251799123
500,ADRC,520,0.0596771417670539
500,ADRC,521,0.0586356569895656
500,ADRC,522,0.057612348018381
500,ADRC,523,0.0566068976589804
500,ADRC,524,0.0556189942518586
500,ADRC,525,0.0546483315752084
1000,IMC-PID,0,1000
1000,IMC-PID,1,541.827448125229
1000,IMC-PID,2,407.423588761729
1000,IMC-PID,3,262.163146832468
1000,IMC-PID,4,183.921208007962
1000,IMC-PID,5,124.406439354007
1000,IMC-PID,6,85.8168449726709
1000,IMC-PID,7,58.7573369836043
1000,IMC-PID,8,40.4077399748439
1000,IMC-PID,9,27.7505670225607
1000,IMC-PID,10,19.077967077623
1000,IMC-PID,11,13.1131864971012
1000,IMC-PID,12,9.01580222863413
1000,IMC-PID,13,6.19871427946532
1000,IMC-PID,14,4.26222273397707
1000,IMC-PID,15,2.93075548924753
1000,IMC-PID,16,2.01528584997288
1000,IMC-PID,17,1.38579715333913
1000,IMC-PID,18,0.952946002715862
1000,IMC-PID,19,0.655299869972509
1000,IMC-PID,20,0.450624041873652
1000,IMC-PID,21,0.309877613335402
1000,IMC-PID,22,0.213092020750992
1000,IMC-PID,23,0.146536201259437
1000,IMC-PID,24,0.100768130807865
1000,IMC-PID,25,0.0692949900704889
1000,IMC-PID,26,0.0476519548366241
1000,IMC-PID,27,0.0327687426113243
1000,IMC-PID,28,0.0225340342931304
1000,IMC-PID,29,0.0154959499741381
1000,IMC-PID,30,0.0106560810787641
1000,IMC-PID,31,0.00732785496643373
1000,IMC-PID,32,0.00503913786621979
1000,IMC-PID,33,0.0034652584710102
1000,IMC-PID,34,0.00238295060262317
1000,IMC-PID,35,0.00163868113543231
1000,IMC-PID,36,0.00112687014927815
1000,IMC-PID,37,0.00077491362822002
1000,IMC-PID,38,0.000532884055928662
1000,IMC-PID,39,0.000366447830856487
1000,IMC-PID,40,0.000251994804102651
1000,IMC-PID,41,0.000173289008444044
1000,IMC-PID,42,0.000119165475098271
1000,IMC-PID,43,8.19464006553972e-05
1000,IMC-PID,44,5.63519969318804e-05
1000,IMC-PID,45,3.87515207194156e-05
1000,IMC-PID,46,2.66482186361827e-05
1000,IMC-PID,47,1.83251529506379e-05
1000,IMC-PID,48,1.26016391277517e-05
1000,IMC-PID,49,8.66575624058896e-06
1000,IMC-PID,50,5.95917185819417e-06
1000,IMC-PID,51,4.09793778999301e-06
1000,IMC-PID,52,2.81802476820303e-06
1000,IMC-PID,53,1.93786797808571e-06
1000,IMC-PID,54,1.3326115322343e-06
1000,IMC-PID,55,9.16395720196306e-07
1000,IMC-PID,56,6.30176714366826e-07
1000,IMC-PID,57,4.33353079642984e-07
1000,IMC-PID,58,2.98003669740865e-07
1000,IMC-PID,59,2.04927914637665e-07
1000,IMC-PID,60,1.40922225000395e-07
1000,IMC-PID,61,9.69081384027959e-08
1000,IMC-PID,62,6.66407231619814e-08
1000,IMC-PID,63,4.58264821645571e-08
1000,IMC-PID,64,3.15133092954056e-08
1000,IMC-PID,65,2.1670757632819e-08
1000,IMC-PID,66,1.4902639122738e-08
1000,IMC-PID,67,1.02476178653887e-08
1000,IMC-PID,68,7.04721969668753e-09
1000,IMC-PID,69,4.84624251839705e-09
1000,IMC-PID,70,3.33216121362057e-09
1000,IMC-PID,71,2.29158558795461e-09
1000,IMC-PID,72,1.57615431817248e-09
1000,IMC-PID,73,1.08389031083789e-09
1000,IMC-PID,74,7.45217221265193e-10
1000,IMC-PID,75,5.1215920393588e-10
1000,IMC-PID,76,3.52656570612453e-10
1000,IMC-PID,77,2.42152964347042e-10
1000,IMC-PID,78,1.66892277775332e-10
1000,IMC-PID,79,1.14482645585667e-10
1000,IMC-PID,80,7.88986653788015e-11
1000,IMC-PID,81,5.41149347554892e-11
1000,IMC-PID,82,3.71755959349684e-11
1000,IMC-PID,83,2.55795384873636e-11
1000,IMC-PID,84,1.76214598468505e-11
1000,IMC-PID,85,1.19371179607697e-11
1000,IMC-PID,86,8.18545231595635e-12
1000,IMC-PID,87,5.91171556152403e-12
1000,IMC-PID,88,3.5242919693701e-12
1000,IMC-PID,89,3.06954461848363e-12
1000,IMC-PID,90,1.70530256582424e-12
1000,IMC-PID,91,1.25055521493778e-12
1000,IMC-PID,92,7.95807864051312e-13
1000,IMC-PID,93,3.41060513164848e-13
1000,IMC-PID,94,3.41060513164848e-13
1000,IMC-PID,95,3.41060513164848e-13
1000,IMC-PID,96,3.41060513164848e-13
1000,IMC-PID,97,-1.13686837721616e-13
1000,IMC-PID,98,-1.13686837721616e-13
1000,IMC-PID,99,-1.13686837721616e-13
1000,IMC-PID,100,-1.13686837721616e-13
1000,IMC-PID,101,-1.13686837721616e-13
1000,IMC-PID,102,-1.13686837721616e-13
1000,IMC-PID,103,-1.13686837721616e-13
1000,IMC-PID,104,-1.13686837721616e-13
1000,IMC-PID,105,-1.13686837721616e-13
1000,IMC-PID,106,-1.13686837721616e-13
1000,IMC-PID,107,-1.13686837721616e-13
1000,IMC-PID,108,-1.13686837721616e-13
1000,IMC-PID,109,-1.13686837721616e-13
1000,IMC-PID,110,-1.13686837721616e-13
1000,IMC-PID,111,-1.13686837721616e-13
1000,IMC-PID,112,-1.13686837721616e-13
1000,IMC-PID,113,-1.13686837721616e-13
1000,IMC-PID,114,-1.13686837721616e-13
1000,IMC-PID,115,-1.13686837721616e-13
1000,IMC-PID,116,-1.13686837721616e-13
1000,IMC-PID,117,-1.13686837721616e-13
1000,IMC-PID,118,-1.13686837721616e-13
1000,IMC-PID,119,-1.13686837721616e-13
1000,IMC-PID,120,-1.13686837721616e-13
1000,IMC-PID,121,-1.13686837721616e-13
1000,IMC-PID,122,-1.13686837721616e-13
1000,IMC-PID,123,-1.13686837721616e-13
1000,IMC-PID,124,-1.13686837721616e-13
1000,IMC-PID,125,-1.13686837721616e-13
1000,IMC-PID,126,-1.13686837721616e-13
1000,IMC-PID,127,-1.13686837721616e-13
1000,IMC-PID,128,-1.13686837721616e-13
1000,IMC-PID,129,-1.13686837721616e-13
1000,IMC-PID,130,-1.13686837721616e-13
1000,IMC-PID,131,-1.13686837721616e-13
1000,IMC-PID,132,-1.13686837721616e-13
1000,IMC-PID,133,-1.13686837721616e-13
1000,IMC-PID,134,-1.13686837721616e-13
1000,IMC-PID,135,-1.13686837721616e-13
1000,IMC-PID,136,-1.13686837721616e-13
1000,IMC-PID,137,-1.13686837721616e-13
1000,IMC-PID,138,-1.13686837721616e-13
1000,IMC-PID,139,-1.13686837721616e-13
1000,IMC-PID,140,-1.13686837721616e-13
1000,IMC-PID,141,-1.13686837721616e-13
1000,IMC-PID,142,-1.13686837721616e-13
1000,IMC-PID,143,-1.13686837721616e-13
1000,IMC-PID,144,-1.13686837721616e-13
1000,IMC-PID,145,-1.13686837721616e-13
1000,IMC-PID,146,-1.13686837721616e-13
1000,IMC-PID,147,-1.13686837721616e-13
1000,IMC-PID,148,-1.13686837721616e-13
1000,IMC-PID,149,-1.13686837721616e-13
1000,IMC-PID,150,-1.13686837721616e-13
1000,IMC-PID,151,-1.13686837721616e-13
1000,IMC-PID,152,-1.13686837721616e-13
1000,IMC-PID,153,-1.13686837721616e-13
1000,IMC-PID,154,-1.13686837721616e-13
1000,IMC-PID,155,-1.13686837721616e-13
1000,IMC-PID,156,-1.13686837721616e-13
1000,IMC-PID,157,-1.13686837721616e-13
1000,IMC-PID,158,-1.13686837721616e-13
1000,IMC-PID,159,-1.13686837721616e-13
1000,IMC-PID,160,-1.13686837721616e-13
1000,IMC-PID,161,-1.13686837721616e-13
1000,IMC-PID,162,-1.13686837721616e-13
1000,IMC-PID,163,-1.13686837721616e-13
1000,IMC-PID,164,-1.13686837721616e-13
1000,IMC-PID,165,-1.13686837721616e-13
1000,IMC-PID,166,-1.13686837721616e-13
1000,IMC-PID,167,-1.13686837721616e-13
1000,IMC-PID,168,-1.13686837721616e-13
1000,IMC-PID,169,-1.13686837721616e-13
1000,IMC-PID,170,-1.13686837721616e-13
1000,IMC-PID,171,-1.13686837721616e-13
1000,IMC-PID,172,-1.13686837721616e-13
1000,IMC-PID,173,-1.13686837721616e-13
1000,IMC-PID,174,-1.13686837721616e-13
1000,IMC-PID,175,-1.13686837721616e-13
1000,IMC-PID,176,-1.13686837721616e-13
1000,IMC-PID,177,-1.13686837721616e-13
1000,IMC-PID,178,-1.13686837721616e-13
1000,IMC-PID,179,-1.13686837721616e-13
1000,IMC-PID,180,-1.13686837721616e-13
1000,IMC-PID,181,-1.13686837721616e-13
1000,IMC-PID,182,-1.13686837721616e-13
1000,IMC-PID,183,-1.13686837721616e-13
1000,IMC-PID,184,-1.13686837721616e-13
1000,IMC-PID,185,-1.13686837721616e-13
1000,IMC-PID,186,-1.13686837721616e-13
1000,IMC-PID,187,-1.13686837721616e-13
1000,IMC-PID,188,-1.13686837721616e-13
1000,IMC-PID,189,-1.13686837721616e-13
1000,IMC-PID,190,-1.13686837721616e-13
1000,IMC-PID,191,-1.13686837721616e-13
1000,IMC-PID,192,-1.13686837721616e-13
1000,IMC-PID,193,-1.13686837721616e-13
1000,IMC-PID,194,-1.13686837721616e-13
1000,IMC-PID,195,-1.13686837721616e-13
1000,IMC-PID,196,-1.13686837721616e-13
1000,IMC-PID,197,-1.13686837721616e-13
1000,IMC-PID,198,-1.13686837721616e-13
1000,IMC-PID,199,-1.13686837721616e-13
1000,IMC-PID,200,-1.13686837721616e-13
1000,IMC-PID,201,-1.13686837721616e-13
1000,IMC-PID,202,-1.13686837721616e-13
1000,IMC-PID,203,-1.13686837721616e-13
1000,IMC-PID,204,-1.13686837721616e-13
1000,IMC-PID,205,-1.13686837721616e-13
1000,IMC-PID,206,-1.13686837721616e-13
1000,IMC-PID,207,-1.13686837721616e-13
1000,IMC-PID,208,-1.13686837721616e-13
1000,IMC-PID,209,-1.13686837721616e-13
1000,IMC-PID,210,-1.13686837721616e-13
1000,IMC-PID,211,-1.13686837721616e-13
1000,IMC-PID,212,-1.13686837721616e-13
1000,IMC-PID,213,-1.13686837721616e-13
1000,IMC-PID,214,-1.13686837721616e-13
1000,IMC-PID,215,-1.13686837721616e-13
1000,IMC-PID,216,-1.13686837721616e-13
1000,IMC-PID,217,-1.13686837721616e-13
1000,IMC-PID,218,-1.13686837721616e-13
1000,IMC-PID,219,-1.13686837721616e-13
1000,IMC-PID,220,-1.13686837721616e-13
1000,IMC-PID,221,-1.13686837721616e-13
1000,IMC-PID,222,-1.13686837721616e-13
1000,IMC-PID,223,-1.13686837721616e-13
1000,IMC-PID,224,-1.13686837721616e-13
1000,IMC-PID,225,-1.13686837721616e-13
1000,IMC-PID,226,-1.13686837721616e-13
1000,IMC-PID,227,-1.13686837721616e-13
1000,IMC-PID,228,-1.13686837721616e-13
1000,IMC-PID,229,-1.13686837721616e-13
1000,IMC-PID,230,-1.13686837721616e-13
1000,IMC-PID,231,-1.13686837721616e-13
1000,IMC-PID,232,-1.13686837721616e-13
1000,IMC-PID,233,-1.13686837721616e-13
1000,IMC-PID,234,-1.13686837721616e-13
1000,IMC-PID,235,-1.13686837721616e-13
1000,IMC-PID,236,-1.13686837721616e-13
1000,IMC-PID,237,-1.13686837721616e-13
1000,IMC-PID,238,-1.13686837721616e-13
1000,IMC-PID,239,-1.13686837721616e-13
1000,IMC-PID,240,-1.13686837721616e-13
1000,IMC-PID,241,-1.13686837721616e-13
1000,IMC-PID,242,-1.13686837721616e-13
1000,IMC-PID,243,-1.13686837721616e-13
1000,IMC-PID,244,-1.13686837721616e-13
1000,IMC-PID,245,-1.13686837721616e-13
1000,IMC-PID,246,-1.13686837721616e-13
1000,IMC-PID,247,-1.13686837721616e-13
1000,IMC-PID,248,-1.13686837721616e-13
1000,IMC-PID,249,-1.13686837721616e-13
1000,IMC-PID,250,-1.13686837721616e-13
1000,IMC-PID,251,-1.13686837721616e-13
1000,IMC-PID,252,-1.13686837721616e-13
1000,IMC-PID,253,-1.13686837721616e-13
1000,IMC-PID,254,-1.13686837721616e-13
1000,IMC-PID,255,-1.13686837721616e-13
1000,IMC-PID,256,-1.13686837721616e-13
1000,IMC-PID,257,-1.13686837721616e-13
1000,IMC-PID,258,-1.13686837721616e-13
1000,IMC-PID,259,-1.13686837721616e-13
1000,IMC-PID,260,-1.13686837721616e-13
1000,IMC-PID,261,-1.13686837721616e-13
1000,IMC-PID,262,-1.13686837721616e-13
1000,IMC-PID,263,-1.13686837721616e-13
1000,IMC-PID,264,-1.13686837721616e-13
1000,IMC-PID,265,-1.13686837721616e-13
1000,IMC-PID,266,-1.13686837721616e-13
1000,IMC-PID,267,-1.13686837721616e-13
1000,IMC-PID,268,-1.13686837721616e-13
1000,IMC-PID,269,-1.13686837721616e-13
1000,IMC-PID,270,-1.13686837721616e-13
1000,IMC-PID,271,-1.13686837721616e-13
1000,IMC-PID,272,-1.13686837721616e-13
1000,IMC-PID,273,-1.13686837721616e-13
1000,IMC-PID,274,-1.13686837721616e-13
1000,IMC-PID,275,-1.13686837721616e-13
1000,IMC-PID,276,-1.13686837721616e-13
1000,IMC-PID,277,-1.13686837721616e-13
1000,IMC-PID,278,-1.13686837721616e-13
1000,IMC-PID,279,-1.13686837721616e-13
1000,IMC-PID,280,-1.13686837721616e-13
1000,IMC-PID,281,-1.13686837721616e-13
1000,IMC-PID,282,-1.13686837721616e-13
1000,IMC-PID,283,-1.13686837721616e-13
1000,IMC-PID,284,-1.13686837721616e-13
1000,IMC-PID,285,-1.13686837721616e-13
1000,IMC-PID,286,-1.13686837721616e-13
1000,IMC-PID,287,-1.13686837721616e-13
1000,IMC-PID,288,-1.13686837721616e-13
1000,IMC-PID,289,-1.13686837721616e-13
1000,IMC-PID,290,-1.13686837721616e-13
1000,IMC-PID,291,-1.13686837721616e-13
1000,IMC-PID,292,-1.13686837721616e-13
1000,IMC-PID,293,-1.13686837721616e-13
1000,IMC-PID,294,-1.13686837721616e-13
1000,IMC-PID,295,-1.13686837721616e-13
1000,IMC-PID,296,-1.13686837721616e-13
1000,IMC-PID,297,-1.13686837721616e-13
1000,IMC-PID,298,-1.13686837721616e-13
1000,IMC-PID,299,-1.13686837721616e-13
1000,IMC-PID,300,-1.13686837721616e-13
1000,IMC-PID,301,-1.13686837721616e-13
1000,IMC-PID,302,-1.13686837721616e-13
1000,IMC-PID,303,-1.13686837721616e-13
1000,IMC-PID,304,-1.13686837721616e-13
1000,IMC-PID,305,-1.13686837721616e-13
1000,IMC-PID,306,-1.13686837721616e-13
1000,IMC-PID,307,-1.13686837721616e-13
1000,IMC-PID,308,-1.13686837721616e-13
1000,IMC-PID,309,-1.13686837721616e-13
1000,IMC-PID,310,-1.13686837721616e-13
1000,IMC-PID,311,-1.13686837721616e-13
1000,IMC-PID,312,-1.13686837721616e-13
1000,IMC-PID,313,-1.13686837721616e-13
1000,IMC-PID,314,-1.13686837721616e-13
1000,IMC-PID,315,-1.13686837721616e-13
1000,IMC-PID,316,-1.13686837721616e-13
1000,IMC-PID,317,-1.13686837721616e-13
1000,IMC-PID,318,-1.13686837721616e-13
1000,IMC-PID,319,-1.13686837721616e-13
1000,IMC-PID,320,-1.13686837721616e-13
1000,IMC-PID,321,-1.13686837721616e-13
1000,IMC-PID,322,-1.13686837721616e-13
1000,IMC-PID,323,-1.13686837721616e-13
1000,IMC-PID,324,-1.13686837721616e-13
1000,IMC-PID,325,-1.13686837721616e-13
1000,IMC-PID,326,-1.13686837721616e-13
1000,IMC-PID,327,-1.13686837721616e-13
1000,IMC-PID,328,-1.13686837721616e-13
1000,IMC-PID,329,-1.13686837721616e-13
1000,IMC-PID,330,-1.13686837721616e-13
1000,IMC-PID,331,-1.13686837721616e-13
1000,IMC-PID,332,-1.13686837721616e-13
1000,IMC-PID,333,-1.13686837721616e-13
1000,IMC-PID,334,-1.13686837721616e-13
1000,IMC-PID,335,-1.13686837721616e-13
1000,IMC-PID,336,-1.13686837721616e-13
1000,IMC-PID,337,-1.13686837721616e-13
1000,IMC-PID,338,-1.13686837721616e-13
1000,IMC-PID,339,-1.13686837721616e-13
1000,IMC-PID,340,-1.13686837721616e-13
1000,IMC-PID,341,-1.13686837721616e-13
1000,IMC-PID,342,-1.13686837721616e-13
1000,IMC-PID,343,-1.13686837721616e-13
1000,IMC-PID,344,-1.13686837721616e-13
1000,IMC-PID,345,-1.13686837721616e-13
1000,IMC-PID,346,-1.13686837721616e-13
1000,IMC-PID,347,-1.13686837721616e-13
1000,IMC-PID,348,-1.13686837721616e-13
1000,IMC-PID,349,-1.13686837721616e-13
1000,IMC-PID,350,-1.13686837721616e-13
1000,IMC-PID,351,-1.13686837721616e-13
1000,IMC-PID,352,-1.13686837721616e-13
1000,IMC-PID,353,-1.13686837721616e-13
1000,IMC-PID,354,-1.13686837721616e-13
1000,IMC-PID,355,-1.13686837721616e-13
1000,IMC-PID,356,-1.13686837721616e-13
1000,IMC-PID,357,-1.13686837721616e-13
1000,IMC-PID,358,-1.13686837721616e-13
1000,IMC-PID,359,-1.13686837721616e-13
1000,IMC-PID,360,-1.13686837721616e-13
1000,IMC-PID,361,-1.13686837721616e-13
1000,IMC-PID,362,-1.13686837721616e-13
1000,IMC-PID,363,-1.13686837721616e-13
1000,IMC-PID,364,-1.13686837721616e-13
1000,IMC-PID,365,-1.13686837721616e-13
1000,IMC-PID,366,-1.13686837721616e-13
1000,IMC-PID,367,-1.13686837721616e-13
1000,IMC-PID,368,-1.13686837721616e-13
1000,IMC-PID,369,-1.13686837721616e-13
1000,IMC-PID,370,-1.13686837721616e-13
1000,IMC-PID,371,-1.13686837721616e-13
1000,IMC-PID,372,-1.13686837721616e-13
1000,IMC-PID,373,-1.13686837721616e-13
1000,IMC-PID,374,-1.13686837721616e-13
1000,IMC-PID,375,-1.13686837721616e-13
1000,IMC-PID,376,-1.13686837721616e-13
1000,IMC-PID,377,-1.13686837721616e-13
1000,IMC-PID,378,-1.13686837721616e-13
1000,IMC-PID,379,-1.13686837721616e-13
1000,IMC-PID,380,-1.13686837721616e-13
1000,IMC-PID,381,-1.13686837721616e-13
1000,IMC-PID,382,-1.13686837721616e-13
1000,IMC-PID,383,-1.13686837721616e-13
1000,IMC-PID,384,-1.13686837721616e-13
1000,IMC-PID,385,-1.13686837721616e-13
1000,IMC-PID,386,-1.13686837721616e-13
1000,IMC-PID,387,-1.13686837721616e-13
1000,IMC-PID,388,-1.13686837721616e-13
1000,IMC-PID,389,-1.13686837721616e-13
1000,IMC-PID,390,-1.13686837721616e-13
1000,IMC-PID,391,-1.13686837721616e-13
1000,IMC-PID,392,-1.13686837721616e-13
1000,IMC-PID,393,-1.13686837721616e-13
1000,IMC-PID,394,-1.13686837721616e-13
1000,IMC-PID,395,-1.13686837721616e-13
1000,IMC-PID,396,-1.13686837721616e-13
1000,IMC-PID,397,-1.13686837721616e-13
1000,IMC-PID,398,-1.13686837721616e-13
1000,IMC-PID,399,-1.13686837721616e-13
1000,IMC-PID,400,-1.13686837721616e-13
1000,IMC-PID,401,-1.13686837721616e-13
1000,IMC-PID,402,-1.13686837721616e-13
1000,IMC-PID,403,-1.13686837721616e-13
1000,IMC-PID,404,-1.13686837721616e-13
1000,IMC-PID,405,-1.13686837721616e-13
1000,IMC-PID,406,-1.13686837721616e-13
1000,IMC-PID,407,-1.13686837721616e-13
1000,IMC-PID,408,-1.13686837721616e-13
1000,IMC-PID,409,-1.13686837721616e-13
1000,IMC-PID,410,-1.13686837721616e-13
1000,IMC-PID,411,-1.13686837721616e-13
1000,IMC-PID,412,-1.13686837721616e-13
1000,IMC-PID,413,-1.13686837721616e-13
1000,IMC-PID,414,-1.13686837721616e-13
1000,IMC-PID,415,-1.13686837721616e-13
1000,IMC-PID,416,-1.13686837721616e-13
1000,IMC-PID,417,-1.13686837721616e-13
1000,IMC-PID,418,-1.13686837721616e-13
1000,IMC-PID,419,-1.13686837721616e-13
1000,IMC-PID,420,-1.13686837721616e-13
1000,IMC-PID,421,-1.13686837721616e-13
1000,IMC-PID,422,-1.13686837721616e-13
1000,IMC-PID,423,-1.13686837721616e-13
1000,IMC-PID,424,-1.13686837721616e-13
1000,IMC-PID,425,-1.13686837721616e-13
1000,IMC-PID,426,-1.13686837721616e-13
1000,IMC-PID,427,-1.13686837721616e-13
1000,IMC-PID,428,-1.13686837721616e-13
1000,IMC-PID,429,-1.13686837721616e-13
1000,IMC-PID,430,-1.13686837721616e-13
1000,IMC-PID,431,-1.13686837721616e-13
1000,IMC-PID,432,-1.13686837721616e-13
1000,IMC-PID,433,-1.13686837721616e-13
1000,IMC-PID,434,-1.13686837721616e-13
1000,IMC-PID,435,-1.13686837721616e-13
1000,IMC-PID,436,-1.13686837721616e-13
1000,IMC-PID,437,-1.13686837721616e-13
1000,IMC-PID,438,-1.13686837721616e-13
1000,IMC-PID,439,-1.13686837721616e-13
1000,IMC-PID,440,-1.13686837721616e-13
1000,IMC-PID,441,-1.13686837721616e-13
1000,IMC-PID,442,-1.13686837721616e-13
1000,IMC-PID,443,-1.13686837721616e-13
1000,IMC-PID,444,-1.13686837721616e-13
1000,IMC-PID,445,-1.13686837721616e-13
1000,IMC-PID,446,-1.13686837721616e-13
1000,IMC-PID,447,-1.13686837721616e-13
1000,IMC-PID,448,-1.13686837721616e-13
1000,IMC-PID,449,-1.13686837721616e-13
1000,IMC-PID,450,-1.13686837721616e-13
1000,IMC-PID,451,-1.13686837721616e-13
1000,IMC-PID,452,-1.13686837721616e-13
1000,IMC-PID,453,-1.13686837721616e-13
1000,IMC-PID,454,-1.13686837721616e-13
1000,IMC-PID,455,-1.13686837721616e-13
1000,IMC-PID,456,-1.13686837721616e-13
1000,IMC-PID,457,-1.13686837721616e-13
1000,IMC-PID,458,-1.13686837721616e-13
1000,IMC-PID,459,-1.13686837721616e-13
1000,IMC-PID,460,-1.13686837721616e-13
1000,IMC-PID,461,-1.13686837721616e-13
1000,IMC-PID,462,-1.13686837721616e-13
1000,IMC-PID,463,-1.13686837721616e-13
1000,IMC-PID,464,-1.13686837721616e-13
1000,IMC-PID,465,-1.13686837721616e-13
1000,IMC-PID,466,-1.13686837721616e-13
1000,IMC-PID,467,-1.13686837721616e-13
1000,IMC-PID,468,-1.13686837721616e-13
1000,IMC-PID,469,-1.13686837721616e-13
1000,IMC-PID,470,-1.13686837721616e-13
1000,IMC-PID,471,-1.13686837721616e-13
1000,IMC-PID,472,-1.13686837721616e-13
1000,IMC-PID,473,-1.13686837721616e-13
1000,IMC-PID,474,-1.13686837721616e-13
1000,IMC-PID,475,-1.13686837721616e-13
1000,IMC-PID,476,-1.13686837721616e-13
1000,IMC-PID,477,-1.13686837721616e-13
1000,IMC-PID,478,-1.13686837721616e-13
1000,IMC-PID,479,-1.13686837721616e-13
1000,IMC-PID,480,-1.13686837721616e-13
1000,IMC-PID,481,-1.13686837721616e-13
1000,IMC-PID,482,-1.13686837721616e-13
1000,IMC-PID,483,-1.13686837721616e-13
1000,IMC-PID,484,-1.13686837721616e-13
1000,IMC-PID,485,-1.13686837721616e-13
1000,IMC-PID,486,-1.13686837721616e-13
1000,IMC-PID,487,-1.13686837721616e-13
1000,IMC-PID,488,-1.13686837721616e-13
1000,IMC-PID,489,-1.13686837721616e-13
1000,IMC-PID,490,-1.13686837721616e-13
1000,IMC-PID,491,-1.13686837721616e-13
1000,IMC-PID,492,-1.13686837721616e-13
1000,IMC-PID,493,-1.13686837721616e-13
1000,IMC-PID,494,-1.13686837721616e-13
1000,IMC-PID,495,-1.13686837721616e-13
1000,IMC-PID,496,-1.13686837721616e-13
1000,IMC-PID,497,-1.13686837721616e-13
1000,IMC-PID,498,-1.13686837721616e-13
1000,IMC-PID,499,-1.13686837721616e-13
1000,IMC-PID,500,-1.13686837721616e-13
1000,IMC-PID,501,-1.13686837721616e-13
1000,IMC-PID,502,-1.13686837721616e-13
1000,IMC-PID,503,-1.13686837721616e-13
1000,IMC-PID,504,-1.13686837721616e-13
1000,IMC-PID,505,-1.13686837721616e-13
1000,IMC-PID,506,-1.13686837721616e-13
1000,IMC-PID,507,-1.13686837721616e-13
1000,IMC-PID,508,-1.13686837721616e-13
1000,IMC-PID,509,-1.13686837721616e-13
1000,IMC-PID,510,-1.13686837721616e-13
1000,IMC-PID,511,-1.13686837721616e-13
1000,IMC-PID,512,-1.13686837721616e-13
1000,IMC-PID,513,-1.13686837721616e-13
1000,IMC-PID,514,-1.13686837721616e-13
1000,IMC-PID,515,-1.13686837721616e-13
1000,IMC-PID,516,-1.13686837721616e-13
1000,IMC-PID,517,-1.13686837721616e-13
1000,IMC-PID,518,-1.13686837721616e-13
1000,IMC-PID,519,-1.13686837721616e-13
1000,IMC-PID,520,-1.13686837721616e-13
1000,IMC-PID,521,-1.13686837721616e-13
1000,IMC-PID,522,-1.13686837721616e-13
1000,IMC-PID,523,-1.13686837721616e-13
1000,IMC-PID,524,-1.13686837721616e-13
1000,IMC-PID,525,-1.13686837721616e-13
1000,ADRC,0,1000
1000,ADRC,1,970.052606408417
1000,ADRC,2,956.899185881743
1000,ADRC,3,942.847604139421
1000,ADRC,4,928.880465132509
1000,ADRC,5,914.970503917764
1000,ADRC,6,901.131258030194
1000,ADRC,7,887.373429673805
1000,ADRC,8,873.706754427494
1000,ADRC,9,860.14000605555
1000,ADRC,10,846.681072088692
1000,ADRC,11,833.337021387713
1000,ADRC,12,820.114167167082
1000,ADRC,13,807.018125598973
1000,ADRC,14,794.053870255945
1000,ADRC,15,781.225782641714
1000,ADRC,16,768.537699053936
1000,ADRC,17,755.992954015171
1000,ADRC,18,743.594420499071
1000,ADRC,19,731.344547168738
1000,ADRC,20,719.245392833503
1000,ADRC,21,707.29865831938
1000,ADRC,22,695.505715937326
1000,ADRC,23,683.867636722441
1000,ADRC,24,672.385215606438
1000,ADRC,25,661.058994675215
1000,ADRC,26,649.889284653288
1000,ADRC,27,638.876184747162
1000,ADRC,28,628.019600970543
1000,ADRC,29,617.31926306557
1000,ADRC,30,606.774740126077
1000,ADRC,31,596.385455021116
1000,ADRC,32,586.150697709796
1000,ADRC,33,576.069637531694
1000,ADRC,34,566.141334550787
1000,ADRC,35,556.364750024991
1000,ADRC,36,546.738756067901
1000,ADRC,37,537.262144564294
1000,ADRC,38,527.933635396199
1000,ADRC,39,518.751884032029
1000,ADRC,40,509.715488527212
1000,ADRC,41,500.822995981029
1000,ADRC,42,492.07290849093
1000,ADRC,43,483.463688642415
1000,ADRC,44,474.993764569615
1000,ADRC,45,466.661534619029
1000,ADRC,46,458.465371646335
1000,ADRC,47,450.403626973914
1000,ADRC,48,442.474634034595
1000,ADRC,49,434.676711725166
1000,ADRC,50,427.008167491378
1000,ADRC,51,419.467300164548
1000,ADRC,52,412.052402568279
1000,ADRC,53,404.761763912431
1000,ADRC,54,397.593671990183
1000,ADRC,55,390.546415192802
1000,ADRC,56,383.618284355639
1000,ADRC,57,376.807574447865
1000,ADRC,58,370.112586117485
1000,ADRC,59,363.53162710235
1000,ADRC,60,357.063013517042
1000,ADRC,61,350.705071024787
1000,ADRC,62,344.456135902889
1000,ADRC,63,338.314556009507
1000,ADRC,64,332.278691659067
1000,ADRC,65,326.346916413021
1000,ADRC,66,320.517617792204
1000,ADRC,67,314.789197916561
1000,ADRC,68,309.160074077616
1000,ADRC,69,303.628679248636
1000,ADRC,70,298.193462537111
1000,ADRC,71,292.852889583826
1000,ADRC,72,287.605442912483
1000,ADRC,73,282.449622233568
1000,ADRC,74,277.383944705869
1000,ADRC,75,272.406945158828
1000,ADRC,76,267.517176278675
1000,ADRC,77,262.713208761075
1000,ADRC,78,257.993631432832
1000,ADRC,79,253.357051345028
1000,ADRC,80,248.802093839778
1000,ADRC,81,244.327402592643
1000,ADRC,82,239.931639632616
1000,ADRC,83,235.613485341429
1000,ADRC,84,231.371638433832
1000,ADRC,85,227.204815920362
1000,ADRC,86,223.111753054034
1000,ADRC,87,219.091203262271
1000,ADRC,88,215.141938065288
1000,ADRC,89,211.2627469821
1000,ADRC,90,207.452437425189
1000,ADRC,91,203.709834584845
1000,ADRC,92,200.033781304081
1000,ADRC,93,196.423137944995
1000,ADRC,94,192.876782247364
1000,ADRC,95,189.393609180222
1000,ADRC,96,185.972530787103
1000,ADRC,97,182.612476025595
1000,ADRC,98,179.312390601805
1000,ADRC,99,176.071236800285
1000,ADRC,100,172.887993309932
1000,ADRC,101,169.761655046359
1000,ADRC,102,166.691232971162
1000,ADRC,103,163.675753908506
1000,ADRC,104,160.714260359422
1000,ADRC,105,157.805810314162
1000,ADRC,106,154.949477062948
1000,ADRC,107,152.144349005426
1000,ADRC,108,149.389529459107
1000,ADRC,109,146.684136467059
1000,ADRC,110,144.027302605095
1000,ADRC,111,141.418174788697
1000,ADRC,112,138.855914079862
1000,ADRC,113,136.339695494085
1000,ADRC,114,133.868707807654
1000,ADRC,115,131.442153365411
1000,ADRC,116,129.059247889154
1000,ADRC,117,126.719220286795
1000,ADRC,118,124.421312462424
1000,ADRC,119,122.164779127391
1000,ADRC,120,119.948887612509
1000,ADRC,121,117.772917681488
1000,ADRC,122,115.636161345686
1000,ADRC,123,113.537922680258
1000,ADRC,124,111.47751764179
1000,ADRC,125,109.454273887468
1000,ADRC,126,107.467530595863
1000,ADRC,127,105.516638289379
1000,ADRC,128,103.600958658414
1000,ADRC,129,101.719864387285
1000,ADRC,130,99.8727389819439
1000,ADRC,131,98.0589765995451
1000,ADRC,132,96.2779818798642
1000,ADRC,133,94.5291697786237
1000,ADRC,134,92.8119654027275
1000,ADRC,135,91.1258038474404
1000,ADRC,136,89.4701300355184
1000,ADRC,137,87.8443985583086
1000,ADRC,138,86.2480735188278
1000,ADRC,139,84.6806283768301
1000,ADRC,140,83.1415457958655
1000,ADRC,141,81.6303174923385
1000,ADRC,142,80.1464440865617
1000,ADRC,143,78.6894349558091
1000,ADRC,144,77.2588080893635
1000,ADRC,145,75.8540899455559
1000,ADRC,146,74.4748153107901
1000,ADRC,147,73.1205271605454
1000,ADRC,148,71.7907765223503
1000,ADRC,149,70.4851223407148
1000,ADRC,150,69.2031313440149
1000,ADRC,151,67.9443779133135
1000,ADRC,152,66.7084439531031
1000,ADRC,153,65.4949187639681
1000,ADRC,154,64.3033989171362
1000,ADRC,155,63.1334881309142
1000,ADRC,156,61.9847971489905
1000,ADRC,157,60.8569436205864
1000,ADRC,158,59.7495519824388
1000,ADRC,159,58.6622533426008
1000,ADRC,160,57.5946853660339
1000,ADRC,161,56.546492161985
1000,ADRC,162,55.5173241731191
1000,ADRC,163,54.5068380663928
1000,ADRC,164,53.5146966256542
1000,ADRC,165,52.5405686459368
1000,ADRC,166,51.5841288294449
1000,ADRC,167,50.6450576831929
1000,ADRC,168,49.7230414182934
1000,ADRC,169,48.817771850865
1000,ADRC,170,47.9289463045416
1000,ADRC,171,47.0562675145645
1000,ADRC,172,46.1994435334359
1000,ADRC,173,45.3581876381128
1000,ADRC,174,44.5322182387225
1000,ADRC,175,43.7212587887783
1000,ADRC,176,42.9250376968739
1000,ADRC,177,42.1432882398393
1000,ADRC,178,41.3757484773365
1000,ADRC,179,40.6221611678727
1000,ADRC,180,39.8822736862155
1000,ADRC,181,39.1558379421854
1000,ADRC,182,38.4426103008093
1000,ADRC,183,37.7423515038156
1000,ADRC,184,37.054826592446
1000,ADRC,185,36.3798048315717
1000,ADRC,186,35.7170596350908
1000,ADRC,187,35.0663684925867
1000,ADRC,188,34.4275128972342
1000,ADRC,189,33.8002782749261
1000,ADRC,190,33.1844539146094
1000,ADRC,191,32.5798328998071
1000,ADRC,192,31.9862120413139
1000,ADRC,193,31.4033918110374
1000,ADRC,194,30.8311762769794
1000,ADRC,195,30.2693730393294
1000,ADRC,196,29.7177931676575
1000,ADRC,197,29.1762511391887
1000,ADRC,198,28.6445647781439
1000,ADRC,199,28.1225551961234
1000,ADRC,200,27.6100467335255
1000,ADRC,201,27.1068669019769
1000,ADRC,202,26.6128463277618
1000,ADRC,203,26.127818696232
1000,ADRC,204,25.6516206971846
1000,ADRC,205,25.1840919711877
1000,ADRC,206,24.7250750568433
1000,ADRC,207,24.2744153389667
1000,ADRC,208,23.8319609976742
1000,ADRC,209,23.3975629583551
1000,ADRC,210,22.9710748425242
1000,ADRC,211,22.5523529195323
1000,ADRC,212,22.1412560591207
1000,ADRC,213,21.7376456848118
1000,ADRC,214,21.341385728115
1000,ADRC,215,20.9523425835388
1000,ADRC,216,20.5703850643943
1000,ADRC,217,20.1953843593747
1000,ADRC,218,19.8272139899009
1000,ADRC,219,19.4657497682202
1000,ADRC,220,19.1108697562421
1000,ADRC,221,18.7624542251021
1000,ADRC,222,18.4203856154387
1000,ADRC,223,18.0845484983762
1000,ADRC,224,17.7548295371935
1000,ADRC,225,17.4311174496731
1000,ADRC,226,17.1133029711195
1000,ADRC,227,16.8012788180292
1000,ADRC,228,16.4949396524087
1000,ADRC,229,16.194182046725
1000,ADRC,230,15.8989044494763
1000,ADRC,231,15.6090071513765
1000,ADRC,232,15.3243922521443
1000,ADRC,233,15.0449636278752
1000,ADRC,234,14.7706268990008
1000,ADRC,235,14.5012893988185
1000,ADRC,236,14.2368601425779
1000,ADRC,237,13.9772497971212
1000,ADRC,238,13.7223706510667
1000,ADRC,239,13.4721365855204
1000,ADRC,240,13.2264630453134
1000,ADRC,241,12.9852670107521
1000,ADRC,242,12.7484669698737
1000,ADRC,243,12.5159828911976
1000,ADRC,244,12.287736196963
1000,ADRC,245,12.0636497368481
1000,ADRC,246,11.8436477621564
1000,ADRC,247,11.6276559004681
1000,ADRC,248,11.4156011307433
1000,ADRC,249,11.2074117588743
1000,ADRC,250,11.0030173936719
1000,ADRC,251,10.8023489232878
1000,ADRC,252,10.6053384920543
1000,ADRC,253,10.4119194777445
1000,ADRC,254,10.2220264692376
1000,ADRC,255,10.0355952445881
1000,ADRC,256,9.85256274948483
1000,ADRC,257,9.67286707610083
1000,ADRC,258,9.49644744232342
1000,ADRC,259,9.32324417135408
1000,ADRC,260,9.15319867167932
1000,ADRC,261,8.98625341740137
1000,ADRC,262,8.82235192891778
1000,ADRC,263,8.66143875395733
1000,ADRC,264,8.50345944895048
1000,ADRC,265,8.34836056073777
1000,ADRC,266,8.19608960861001
1000,ADRC,267,8.04659506666724
1000,ADRC,268,7.89982634649959
1000,ADRC,269,7.7557337801793
1000,ADRC,270,7.61426860355994
1000,ADRC,271,7.47538293987395
1000,ADRC,272,7.33902978363199
1000,ADRC,273,7.20516298480641
1000,ADRC,274,7.07373723330443
1000,ADRC,275,6.94470804372008
1000,ADRC,276,6.8180317403619
1000,ADRC,277,6.69366544255081
1000,ADRC,278,6.5715670501836
1000,ADRC,279,6.45169522955791
1000,ADRC,280,6.3340093994517
1000,ADRC,281,6.21846971745754
1000,ADRC,282,6.10503706655891
1000,ADRC,283,5.99367304195493
1000,ADRC,284,5.88433993811987
1000,ADRC,285,5.77700073609549
1000,ADRC,286,5.67161909101992
1000,ADRC,287,5.56815931987273
1000,ADRC,288,5.46658638944916
1000,ADRC,289,5.36686590454906
1000,ADRC,290,5.26896409638061
1000,ADRC,291,5.1728478111728
1000,ADRC,292,5.07848449899416
1000,ADRC,293,4.98584220277655
1000,ADRC,294,4.89488954753449
1000,ADRC,295,4.80559572978075
1000,ADRC,296,4.71793050713563
1000,ADRC,297,4.63186418812234
1000,ADRC,298,4.54736762214748
1000,ADRC,299,4.46441218966493
1000,ADRC,300,4.38296979251481
1000,ADRC,301,4.30301284444238
1000,ADRC,302,4.2245142617835
1000,ADRC,303,4.14744745432233
1000,ADRC,304,4.07178631631609
1000,ADRC,305,3.99750521767646
1000,ADRC,306,3.92457899531951
1000,ADRC,307,3.85298294466554
1000,ADRC,308,3.78269281129656
1000,ADRC,309,3.71368478276531
1000,ADRC,310,3.64593548054916
1000,ADRC,311,3.57942195215662
1000,ADRC,312,3.5141216633707
1000,ADRC,313,3.45001249063762
1000,ADRC,314,3.38707271359044
1000,ADRC,315,3.32528100771094
1000,ADRC,316,3.26461643712355
1000,ADRC,317,3.20505844751904
1000,ADRC,318,3.14658685921131
1000,ADRC,319,3.08918186031292
1000,ADRC,320,3.03282400004207
1000,ADRC,321,2.97749418214551
1000,ADRC,322,2.92317365844428
1000,ADRC,323,2.86984402249595
1000,ADRC,324,2.81748720337123
1000,ADRC,325,2.76608545954377
1000,ADRC,326,2.71562137289231
1000,ADRC,327,2.66607784281109
1000,ADRC,328,2.61743808042661
1000,ADRC,329,2.56968560291898
1000,ADRC,330,2.52280422795116
1000,ADRC,331,2.47677806819183
1000,ADRC,332,2.43159152594455
1000,ADRC,333,2.38722928787229
1000,ADRC,334,2.34367631981468
1000,ADRC,335,2.30091786170635
1000,ADRC,336,2.25893942258062
1000,ADRC,337,2.21772677566901
1000,ADRC,338,2.17726595358704
1000,ADRC,339,2.13754324360968
1000,ADRC,340,2.09854518303064
1000,ADRC,341,2.06025855460871
1000,ADRC,342,2.02267038209266
1000,ADRC,343,1.98576792583401
1000,ADRC,344,1.94953867847221
1000,ADRC,345,1.91397036070487
1000,ADRC,346,1.87905091713014
1000,ADRC,347,1.84476851216868
1000,ADRC,348,1.81111152605672
1000,ADRC,349,1.77806855091171
1000,ADRC,350,1.74562838687461
1000,ADRC,351,1.71378003831603
1000,ADRC,352,1.68251271011582
1000,ADRC,353,1.65181580400747
1000,ADRC,354,1.62167891499143
1000,ADRC,355,1.59209182781285
1000,ADRC,356,1.56304451350286
1000,ADRC,357,1.53452712598244
1000,ADRC,358,1.50652999873148
1000,ADRC,359,1.47904364151304
1000,ADRC,360,1.45205873716145
1000,ADRC,361,1.42556613842805
1000,ADRC,362,1.39955686488383
1000,ADRC,363,1.37402209987761
1000,ADRC,364,1.34895318755173
1000,ADRC,365,1.32434162990978
1000,ADRC,366,1.30017908394029
1000,ADRC,367,1.2764573587898
1000,ADRC,368,1.25316841299116
1000,ADRC,369,1.23030435173825
1000,ADRC,370,1.20785742421231
1000,ADRC,371,1.18582002095911
1000,ADRC,372,1.1641846713087
1000,ADRC,373,1.1429440408474
1000,ADRC,374,1.12209092893374
1000,ADRC,375,1.10161826625676
1000,ADRC,376,1.08151911244454
1000,ADRC,377,1.06178665371317
1000,ADRC,378,1.04241420055655
1000,ADRC,379,1.02339518548251
1000,ADRC,380,1.00472316078685
1000,ADRC,381,0.986391796370299
1000,ADRC,382,0.968394877593255
1000,ADRC,383,0.950726303171336
1000,ADRC,384,0.933380083106726
1000,ADRC,385,0.91635033666148
1000,ADRC,386,0.899631290362777
1000,ADRC,387,0.883217276050118
1000,ADRC,388,0.867102728950272
1000,ADRC,389,0.851282185796208
1000,ADRC,390,0.835750282975141
1000,ADRC,391,0.820501754710108
1000,ADRC,392,0.805531431275199
1000,ADRC,393,0.790834237247964
1000,ADRC,394,0.776405189784555
1000,ADRC,395,0.762239396935342
1000,ADRC,396,0.748332055985202
1000,ADRC,397,0.734678451826881
1000,ADRC,398,0.721273955364268
1000,ADRC,399,0.708114021941128
1000,ADRC,400,0.695194189804738
1000,ADRC,401,0.682510078589871
1000,ADRC,402,0.670057387839393
1000,ADRC,403,0.657831895542245
1000,ADRC,404,0.645829456705656
1000,ADRC,405,0.634046001948718
1000,ADRC,406,0.622477536125871
1000,ADRC,407,0.611120136969703
1000,ADRC,408,0.599969953764685
1000,ADRC,409,0.589023206040793
1000,ADRC,410,0.578276182291347
1000,ADRC,411,0.567725238717344
1000,ADRC,412,0.557366797991335
1000,ADRC,413,0.547197348046097
1000,ADRC,414,0.537213440882169
1000,ADRC,415,0.527411691400971
1000,ADRC,416,0.517788776258044
1000,ADRC,417,0.508341432734369
1000,ADRC,418,0.499066457634171
1000,ADRC,419,0.489960706195575
1000,ADRC,420,0.48102109102615
1000,ADRC,421,0.472244581058021
1000,ADRC,422,0.463628200517633
1000,ADRC,423,0.455169027920192
1000,ADRC,424,0.446864195076273
1000,ADRC,425,0.438710886123317
1000,ADRC,426,0.430706336568051
1000,ADRC,427,0.422847832349476
1000,ADRC,428,0.415132708923124
1000,ADRC,429,0.40755835035236
1000,ADRC,430,0.400122188425144
1000,ADRC,431,0.392821701781713
1000,ADRC,432,0.385654415062277
1000,ADRC,433,0.378617898065158
1000,ADRC,434,0.371709764924503
1000,ADRC,435,0.364927673302418
1000,ADRC,436,0.35826932359214
1000,ADRC,437,0.35173245814201
1000,ADRC,438,0.345314860486837
1000,ADRC,439,0.339014354599612
1000,ADRC,440,0.332828804152314
1000,ADRC,441,0.326756111790246
1000,ADRC,442,0.320794218425021
1000,ADRC,443,0.314941102532657
1000,ADRC,444,0.309194779469522
1000,ADRC,445,0.303553300801923
1000,ADRC,446,0.298014753641269
1000,ADRC,447,0.292577259999348
1000,ADRC,448,0.287238976149183
1000,ADRC,449,0.281998092002254
1000,ADRC,450,0.276852830492658
1000,ADRC,451,0.271801446975928
1000,ADRC,452,0.266842228638097
1000,ADRC,453,0.26197349391316
1000,ADRC,454,0.257193591914415
1000,ADRC,455,0.252500901876033
1000,ADRC,456,0.247893832598947
1000,ADRC,457,0.243370821917892
1000,ADRC,458,0.238930336166618
1000,ADRC,459,0.234570869660274
1000,ADRC,460,0.230290944184389
1000,ADRC,461,0.22608910849317
1000,ADRC,462,0.22196393781951
1000,ADRC,463,0.217914033389661
1000,ADRC,464,0.21393802194973
1000,ADRC,465,0.21003455530149
1000,ADRC,466,0.206202309842752
1000,ADRC,467,0.202439986120453
1000,ADRC,468,0.1987463083899
1000,ADRC,469,0.195120024182756
1000,ADRC,470,0.19155990387992
1000,ADRC,471,0.188064740297591
1000,ADRC,472,0.184633348276634
1000,ADRC,473,0.181264564279672
1000,ADRC,474,0.177957246000574
1000,ADRC,475,0.174710271971435
1000,ADRC,476,0.171522541187073
1000,ADRC,477,0.168392972730089
1000,ADRC,478,0.165320505403542
1000,ADRC,479,0.16230409737193
1000,ADRC,480,0.159342725808983
1000,ADRC,481,0.156435386549219
1000,ADRC,482,0.153581093746993
1000,ADRC,483,0.150778879545896
1000,ADRC,484,0.148027793746337
1000,ADRC,485,0.145326903484943
1000,ADRC,486,0.142675292919762
1000,ADRC,487,0.140072062917739
1000,ADRC,488,0.137516330750032
1000,ADRC,489,0.135007229794496
1000,ADRC,490,0.132543909239303
1000,ADRC,491,0.130125533796331
1000,ADRC,492,0.127751283417979
1000,ADRC,493,0.12542035301783
1000,ADRC,494,0.123131952198605
1000,ADRC,495,0.120885304984313
1000,ADRC,496,0.118679649556043
1000,ADRC,497,0.116514237994693
1000,ADRC,498,0.114388336027559
1000,ADRC,499,0.112301222779024
1000,ADRC,500,0.110252190524989
1000,ADRC,501,0.108240544454816
1000,ADRC,502,0.106265602434974
1000,ADRC,503,0.104326694777114
1000,ADRC,504,0.102423164011839
1000,ADRC,505,0.100554364665186
1000,ADRC,506,0.098719663040697
1000,ADRC,507,0.09691843700341
1000,ADRC,508,0.0951500757703343
1000,ADRC,509,0.0934139797003581
1000,ADRC,510,0.0917095600948414
1000,ADRC,511,0.0900362389959355
1000,ADRC,512,0.0883934489903595
1000,ADRC,513,0.0867806330181793
1000,ADRC,514,0.0851972441826092
1000,ADRC,515,0.0836427455651574
1000,ADRC,516,0.0821166100441815
1000,ADRC,517,0.0806183201146951
1000,ADRC,518,0.0791473677160184
1000,ADRC,519,0.0777032540549953
1000,ADRC,520,0.0762854894392149
1000,ADRC,521,0.0748935931119377
1000,ADRC,522,0.0735270930882734
1000,ADRC,523,0.0721855259945414
1000,ADRC,524,0.0708684369104731
1000,ADRC,525,0.0695753792176674
1500,IMC-PID,0,1500
1500,IMC-PID,1,812.741172187843
1500,IMC-PID,2,578.591687621719
1500,IMC-PID,3,366.83675982826
1500,IMC-PID,4,255.432885512119
1500,IMC-PID,5,171.47829513088
1500,IMC-PID,6,117.832384353225
1500,IMC-PID,7,80.3298863865327
1500,IMC-PID,8,55.0701148878716
1500,IMC-PID,9,37.6996629025512
1500,IMC-PID,10,25.8448197506068
1500,IMC-PID,11,17.7150574006771
1500,IMC-PID,12,12.1474941922345
1500,IMC-PID,13,8.33004591859299
1500,IMC-PID,14,5.71302545855656
1500,IMC-PID,15,3.91834714973925
1500,IMC-PID,16,2.6875826990306
1500,IMC-PID,17,1.8434500518299
1500,IMC-PID,18,1.26447503967188
1500,IMC-PID,19,0.867350416494901
1500,IMC-PID,20,0.594953592318234
1500,IMC-PID,21,0.40810719107958
1500,IMC-PID,22,0.279941520476996
1500,IMC-PID,23,0.192026716835926
1500,IMC-PID,24,0.131721566347323
1500,IMC-PID,25,0.0903551097646869
1500,IMC-PID,26,0.0619796280964238
1500,IMC-PID,27,0.0425153244880221
1500,IMC-PID,28,0.0291636733884388
1500,IMC-PID,29,0.0200050244889098
1500,IMC-PID,30,0.0137225885168846
1500,IMC-PID,31,0.00941310834286924
1500,IMC-PID,32,0.00645699004894595
1500,IMC-PID,33,0.00442921953276709
1500,IMC-PID,34,0.0030382556647055
1500,IMC-PID,35,0.00208411385096952
1500,IMC-PID,36,0.00142961327810553
1500,IMC-PID,37,0.000980653793931197
1500,IMC-PID,38,0.000672686725238236
1500,IMC-PID,39,0.000461434439102959
1500,IMC-PID,40,0.000316524370873594
1500,IMC-PID,41,0.000217122237245349
1500,IMC-PID,42,0.00014893660704729
1500,IMC-PID,43,0.000102164169675234
1500,IMC-PID,44,7.00802695519087e-05
1500,IMC-PID,45,4.80720805171586e-05
1500,IMC-PID,46,3.29753995629289e-05
1500,IMC-PID,47,2.2619720084549e-05
1500,IMC-PID,48,1.5516164694418e-05
1500,IMC-PID,49,1.06434283679846e-05
1500,IMC-PID,50,7.30093825040967e-06
1500,IMC-PID,51,5.00813303005998e-06
1500,IMC-PID,52,3.43536521540955e-06
1500,IMC-PID,53,2.35651486946153e-06
1500,IMC-PID,54,1.61646858032327e-06
1500,IMC-PID,55,1.10882911030785e-06
1500,IMC-PID,56,7.60608827476972e-07
1500,IMC-PID,57,5.21745732839918e-07
1500,IMC-PID,58,3.5789503272099e-07
1500,IMC-PID,59,2.45501041717944e-07
1500,IMC-PID,60,1.68402948474977e-07
1500,IMC-PID,61,1.15517423182609e-07
1500,IMC-PID,62,7.92399532656418e-08
1500,IMC-PID,63,5.43554961041082e-08
1500,IMC-PID,64,3.72854174202075e-08
1500,IMC-PID,65,2.55756731348811e-08
1500,IMC-PID,66,1.75443801708752e-08
1500,IMC-PID,67,1.20344338938594e-08
1500,IMC-PID,68,8.25525603431743e-09
1500,IMC-PID,69,5.66228663956281e-09
1500,IMC-PID,70,3.88467924494762e-09
1500,IMC-PID,71,2.66413735516835e-09
1500,IMC-PID,72,1.82740222953726e-09
1500,IMC-PID,73,1.25396582006942e-09
1500,IMC-PID,74,8.60154614201747e-10
1500,IMC-PID,75,5.90034687775187e-10
1500,IMC-PID,76,4.04725142288953e-10
1500,IMC-PID,77,2.7785063139163e-10
1500,IMC-PID,78,1.90084392670542e-10
1500,IMC-PID,79,1.30739863379858e-10
1500,IMC-PID,80,8.95852281246334e-11
1500,IMC-PID,81,6.13908923696727e-11
1500,IMC-PID,82,4.18367562815547e-11
1500,IMC-PID,83,2.91038304567337e-11
1500,IMC-PID,84,1.97815097635612e-11
1500,IMC-PID,85,1.36424205265939e-11
1500,IMC-PID,86,9.32232069317251e-12
1500,IMC-PID,87,7.04858393874019e-12
1500,IMC-PID,88,4.32009983342141e-12
1500,IMC-PID,89,3.18323145620525e-12
1500,IMC-PID,90,1.81898940354586e-12
1500,IMC-PID,91,1.36424205265939e-12
1500,IMC-PID,92,9.09494701772928e-13
1500,IMC-PID,93,4.54747350886464e-13
1500,IMC-PID,94,4.54747350886464e-13
1500,IMC-PID,95,0
1500,IMC-PID,96,0
1500,IMC-PID,97,0
1500,IMC-PID,98,0
1500,IMC-PID,99,0
1500,IMC-PID,100,0
1500,IMC-PID,101,0
1500,IMC-PID,102,0
1500,IMC-PID,103,0
1500,IMC-PID,104,0
1500,IMC-PID,105,0
1500,IMC-PID,106,0
1500,IMC-PID,107,0
1500,IMC-PID,108,0
1500,IMC-PID,109,0
1500,IMC-PID,110,0
1500,IMC-PID,111,0
1500,IMC-PID,112,0
1500,IMC-PID,113,0
1500,IMC-PID,114,0
1500,IMC-PID,115,0
1500,IMC-PID,116,0
1500,IMC-PID,117,0
1500,IMC-PID,118,0
1500,IMC-PID,119,0
1500,IMC-PID,120,0
1500,IMC-PID,121,0
1500,IMC-PID,122,0
1500,IMC-PID,123,0
1500,IMC-PID,124,0
1500,IMC-PID,125,0
1500,IMC-PID,126,0
1500,IMC-PID,127,0
1500,IMC-PID,128,0
1500,IMC-PID,129,0
1500,IMC-PID,130,0
1500,IMC-PID,131,0
1500,IMC-PID,132,0
1500,IMC-PID,133,0
1500,IMC-PID,134,0
1500,IMC-PID,135,0
1500,IMC-PID,136,0
1500,IMC-PID,137,0
1500,IMC-PID,138,0
1500,IMC-PID,139,0
1500,IMC-PID,140,0
1500,IMC-PID,141,0
1500,IMC-PID,142,0
1500,IMC-PID,143,0
1500,IMC-PID,144,0
1500,IMC-PID,145,0
1500,IMC-PID,146,0
1500,IMC-PID,147,0
1500,IMC-PID,148,0
1500,IMC-PID,149,0
1500,IMC-PID,150,0
1500,IMC-PID,151,0
1500,IMC-PID,152,0
1500,IMC-PID,153,0
1500,IMC-PID,154,0
1500,IMC-PID,155,0
1500,IMC-PID,156,0
1500,IMC-PID,157,0
1500,IMC-PID,158,0
1500,IMC-PID,159,0
1500,IMC-PID,160,0
1500,IMC-PID,161,0
1500,IMC-PID,162,0
1500,IMC-PID,163,0
1500,IMC-PID,164,0
1500,IMC-PID,165,0
1500,IMC-PID,166,0
1500,IMC-PID,167,0
1500,IMC-PID,168,0
1500,IMC-PID,169,0
1500,IMC-PID,170,0
1500,IMC-PID,171,0
1500,IMC-PID,172,0
1500,IMC-PID,173,0
1500,IMC-PID,174,0
1500,IMC-PID,175,0
1500,IMC-PID,176,0
1500,IMC-PID,177,0
1500,IMC-PID,178,0
1500,IMC-PID,179,0
1500,IMC-PID,180,0
1500,IMC-PID,181,0
1500,IMC-PID,182,0
1500,IMC-PID,183,0
1500,IMC-PID,184,0
1500,IMC-PID,185,0
1500,IMC-PID,186,0
1500,IMC-PID,187,0
1500,IMC-PID,188,0
1500,IMC-PID,189,0
1500,IMC-PID,190,0
1500,IMC-PID,191,0
1500,IMC-PID,192,0
1500,IMC-PID,193,0
1500,IMC-PID,194,0
1500,IMC-PID,195,0
1500,IMC-PID,196,0
1500,IMC-PID,197,0
1500,IMC-PID,198,0
1500,IMC-PID,199,0
1500,IMC-PID,200,0
1500,IMC-PID,201,0
1500,IMC-PID,202,0
1500,IMC-PID,203,0
1500,IMC-PID,204,0
1500,IMC-PID,205,0
1500,IMC-PID,206,0
1500,IMC-PID,207,0
1500,IMC-PID,208,0
1500,IMC-PID,209,0
1500,IMC-PID,210,0
1500,IMC-PID,211,0
1500,IMC-PID,212,0
1500,IMC-PID,213,0
1500,IMC-PID,214,0
1500,IMC-PID,215,0
1500,IMC-PID,216,0
1500,IMC-PID,217,0
1500,IMC-PID,218,0
1500,IMC-PID,219,0
1500,IMC-PID,220,0
1500,IMC-PID,221,0
1500,IMC-PID,222,0
1500,IMC-PID,223,0
1500,IMC-PID,224,0
1500,IMC-PID,225,0
1500,IMC-PID,226,0
1500,IMC-PID,227,0
1500,IMC-PID,228,0
1500,IMC-PID,229,0
1500,IMC-PID,230,0
1500,IMC-PID,231,0
1500,IMC-PID,232,0
1500,IMC-PID,233,0
1500,IMC-PID,234,0
1500,IMC-PID,235,0
1500,IMC-PID,236,0
1500,IMC-PID,237,0
1500,IMC-PID,238,0
1500,IMC-PID,239,0
1500,IMC-PID,240,0
1500,IMC-PID,241,0
1500,IMC-PID,242,0
1500,IMC-PID,243,0
1500,IMC-PID,244,0
1500,IMC-PID,245,0
1500,IMC-PID,246,0
1500,IMC-PID,247,0
1500,IMC-PID,248,0
1500,IMC-PID,249,0
1500,IMC-PID,250,0
1500,IMC-PID,251,0
1500,IMC-PID,252,0
1500,IMC-PID,253,0
1500,IMC-PID,254,0
1500,IMC-PID,255,0
1500,IMC-PID,256,0
1500,IMC-PID,257,0
1500,IMC-PID,258,0
1500,IMC-PID,259,0
1500,IMC-PID,260,0
1500,IMC-PID,261,0
1500,IMC-PID,262,0
1500,IMC-PID,263,0
1500,IMC-PID,264,0
1500,IMC-PID,265,0
1500,IMC-PID,266,0
1500,IMC-PID,267,0
1500,IMC-PID,268,0
1500,IMC-PID,269,0
1500,IMC-PID,270,0
1500,IMC-PID,271,0
1500,IMC-PID,272,0
1500,IMC-PID,273,0
1500,IMC-PID,274,0
1500,IMC-PID,275,0
1500,IMC-PID,276,0
1500,IMC-PID,277,0
1500,IMC-PID,278,0
1500,IMC-PID,279,0
1500,IMC-PID,280,0
1500,IMC-PID,281,0
1500,IMC-PID,282,0
1500,IMC-PID,283,0
1500,IMC-PID,284,0
1500,IMC-PID,285,0
1500,IMC-PID,286,0
1500,IMC-PID,287,0
1500,IMC-PID,288,0
1500,IMC-PID,289,0
1500,IMC-PID,290,0
1500,IMC-PID,291,0
1500,IMC-PID,292,0
1500,IMC-PID,293,0
1500,IMC-PID,294,0
1500,IMC-PID,295,0
1500,IMC-PID,296,0
1500,IMC-PID,297,0
1500,IMC-PID,298,0
1500,IMC-PID,299,0
1500,IMC-PID,300,0
1500,IMC-PID,301,0
1500,IMC-PID,302,0
1500,IMC-PID,303,0
1500,IMC-PID,304,0
1500,IMC-PID,305,0
1500,IMC-PID,306,0
1500,IMC-PID,307,0
1500,IMC-PID,308,0
1500,IMC-PID,309,0
1500,IMC-PID,310,0
1500,IMC-PID,311,0
1500,IMC-PID,312,0
1500,IMC-PID,313,0
1500,IMC-PID,314,0
1500,IMC-PID,315,0
1500,IMC-PID,316,0
1500,IMC-PID,317,0
1500,IMC-PID,318,0
1500,IMC-PID,319,0
1500,IMC-PID,320,0
1500,IMC-PID,321,0
1500,IMC-PID,322,0
1500,IMC-PID,323,0
1500,IMC-PID,324,0
1500,IMC-PID,325,0
1500,IMC-PID,326,0
1500,IMC-PID,327,0
1500,IMC-PID,328,0
1500,IMC-PID,329,0
1500,IMC-PID,330,0
1500,IMC-PID,331,0
1500,IMC-PID,332,0
1500,IMC-PID,333,0
1500,IMC-PID,334,0
1500,IMC-PID,335,0
1500,IMC-PID,336,0
1500,IMC-PID,337,0
1500,IMC-PID,338,0
1500,IMC-PID,339,0
1500,IMC-PID,340,0
1500,IMC-PID,341,0
1500,IMC-PID,342,0
1500,IMC-PID,343,0
1500,IMC-PID,344,0
1500,IMC-PID,345,0
1500,IMC-PID,346,0
1500,IMC-PID,347,0
1500,IMC-PID,348,0
1500,IMC-PID,349,0
1500,IMC-PID,350,0
1500,IMC-PID,351,0
1500,IMC-PID,352,0
1500,IMC-PID,353,0
1500,IMC-PID,354,0
1500,IMC-PID,355,0
1500,IMC-PID,356,0
1500,IMC-PID,357,0
1500,IMC-PID,358,0
1500,IMC-PID,359,0
1500,IMC-PID,360,0
1500,IMC-PID,361,0
1500,IMC-PID,362,0
1500,IMC-PID,363,0
1500,IMC-PID,364,0
1500,IMC-PID,365,0
1500,IMC-PID,366,0
1500,IMC-PID,367,0
1500,IMC-PID,368,0
1500,IMC-PID,369,0
1500,IMC-PID,370,0
1500,IMC-PID,371,0
1500,IMC-PID,372,0
1500,IMC-PID,373,0
1500,IMC-PID,374,0
1500,IMC-PID,375,0
1500,IMC-PID,376,0
1500,IMC-PID,377,0
1500,IMC-PID,378,0
1500,IMC-PID,379,0
1500,IMC-PID,380,0
1500,IMC-PID,381,0
1500,IMC-PID,382,0
1500,IMC-PID,383,0
1500,IMC-PID,384,0
1500,IMC-PID,385,0
1500,IMC-PID,386,0
1500,IMC-PID,387,0
1500,IMC-PID,388,0
1500,IMC-PID,389,0
1500,IMC-PID,390,0
1500,IMC-PID,391,0
1500,IMC-PID,392,0
1500,IMC-PID,393,0
1500,IMC-PID,394,0
1500,IMC-PID,395,0
1500,IMC-PID,396,0
1500,IMC-PID,397,0
1500,IMC-PID,398,0
1500,IMC-PID,399,0
1500,IMC-PID,400,0
1500,IMC-PID,401,0
1500,IMC-PID,402,0
1500,IMC-PID,403,0
1500,IMC-PID,404,0
1500,IMC-PID,405,0
1500,IMC-PID,406,0
1500,IMC-PID,407,0
1500,IMC-PID,408,0
1500,IMC-PID,409,0
1500,IMC-PID,410,0
1500,IMC-PID,411,0
1500,IMC-PID,412,0
1500,IMC-PID,413,0
1500,IMC-PID,414,0
1500,IMC-PID,415,0
1500,IMC-PID,416,0
1500,IMC-PID,417,0
1500,IMC-PID,418,0
1500,IMC-PID,419,0
1500,IMC-PID,420,0
1500,IMC-PID,421,0
1500,IMC-PID,422,0
1500,IMC-PID,423,0
1500,IMC-PID,424,0
1500,IMC-PID,425,0
1500,IMC-PID,426,0
1500,IMC-PID,427,0
1500,IMC-PID,428,0
1500,IMC-PID,429,0
1500,IMC-PID,430,0
1500,IMC-PID,431,0
1500,IMC-PID,432,0
1500,IMC-PID,433,0
1500,IMC-PID,434,0
1500,IMC-PID,435,0
1500,IMC-PID,436,0
1500,IMC-PID,437,0
1500,IMC-PID,438,0
1500,IMC-PID,439,0
1500,IMC-PID,440,0
1500,IMC-PID,441,0
1500,IMC-PID,442,0
1500,IMC-PID,443,0
1500,IMC-PID,444,0
1500,IMC-PID,445,0
1500,IMC-PID,446,0
1500,IMC-PID,447,0
1500,IMC-PID,448,0
1500,IMC-PID,449,0
1500,IMC-PID,450,0
1500,IMC-PID,451,0
1500,IMC-PID,452,0
1500,IMC-PID,453,0
1500,IMC-PID,454,0
1500,IMC-PID,455,0
1500,IMC-PID,456,0
1500,IMC-PID,457,0
1500,IMC-PID,458,0
1500,IMC-PID,459,0
1500,IMC-PID,460,0
1500,IMC-PID,461,0
1500,IMC-PID,462,0
1500,IMC-PID,463,0
1500,IMC-PID,464,0
1500,IMC-PID,465,0
1500,IMC-PID,466,0
1500,IMC-PID,467,0
1500,IMC-PID,468,0
1500,IMC-PID,469,0
1500,IMC-PID,470,0
1500,IMC-PID,471,0
1500,IMC-PID,472,0
1500,IMC-PID,473,0
1500,IMC-PID,474,0
1500,IMC-PID,475,0
1500,IMC-PID,476,0
1500,IMC-PID,477,0
1500,IMC-PID,478,0
1500,IMC-PID,479,0
1500,IMC-PID,480,0
1500,IMC-PID,481,0
1500,IMC-PID,482,0
1500,IMC-PID,483,0
1500,IMC-PID,484,0
1500,IMC-PID,485,0
1500,IMC-PID,486,0
1500,IMC-PID,487,0
1500,IMC-PID,488,0
1500,IMC-PID,489,0
1500,IMC-PID,490,0
1500,IMC-PID,491,0
1500,IMC-PID,492,0
1500,IMC-PID,493,0
1500,IMC-PID,494,0
1500,IMC-PID,495,0
1500,IMC-PID,496,0
1500,IMC-PID,497,0
1500,IMC-PID,498,0
1500,IMC-PID,499,0
1500,IMC-PID,500,0
1500,IMC-PID,501,0
1500,IMC-PID,502,0
1500,IMC-PID,503,0
1500,IMC-PID,504,0
1500,IMC-PID,505,0
1500,IMC-PID,506,0
1500,IMC-PID,507,0
1500,IMC-PID,508,0
1500,IMC-PID,509,0
1500,IMC-PID,510,0
1500,IMC-PID,511,0
1500,IMC-PID,512,0
1500,IMC-PID,513,0
1500,IMC-PID,514,0
1500,IMC-PID,515,0
1500,IMC-PID,516,0
1500,IMC-PID,517,0
1500,IMC-PID,518,0
1500,IMC-PID,519,0
1500,IMC-PID,520,0
1500,IMC-PID,521,0
1500,IMC-PID,522,0
1500,IMC-PID,523,0
1500,IMC-PID,524,0
1500,IMC-PID,525,0
1500,ADRC,0,1500
1500,ADRC,1,1455.07890961263
1500,ADRC,2,1435.05064695598
1500,ADRC,3,1413.562427985
1500,ADRC,4,1392.1211527804
1500,ADRC,5,1370.70145243079
1500,ADRC,6,1349.33801536642
1500,ADRC,7,1328.059284294
1500,ADRC,8,1306.89054486556
1500,ADRC,9,1285.85413044697
1500,ADRC,10,1264.96971559915
1500,ADRC,11,1244.25457821045
1500,ADRC,12,1223.72383733889
1500,ADRC,13,1203.39066854496
1500,ADRC,14,1183.26649862997
1500,ADRC,15,1163.36118158535
1500,ADRC,16,1143.68315744679
1500,ADRC,17,1124.23959562914
1500,ADRC,18,1105.03652419922
1500,ADRC,19,1086.07894642634
1500,ADRC,20,1067.37094583766
1500,ADRC,21,1048.91578089729
1500,ADRC,22,1030.71597032751
1500,ADRC,23,1012.7733699955
1500,ADRC,24,995.089242201906
1500,ADRC,25,977.664318127051
1500,ADRC,26,960.498854116788
1500,ADRC,27,943.59268242303
1500,ADRC,28,926.945256952646
1500,ADRC,29,910.555694523118
1500,ADRC,30,894.422812073179
1500,ADRC,31,878.545160231392
1500,ADRC,32,862.921053604812
1500,ADRC,33,847.548598113129
1500,ADRC,34,832.42571566066
1500,ADRC,35,817.550166408822
1500,ADRC,36,802.919568885109
1500,ADRC,37,788.531418140607
1500,ADRC,38,774.383102146647
1500,ADRC,39,760.47191660193
1500,ADRC,40,746.795078304175
1500,ADRC,41,733.349737224884
1500,ADRC,42,720.132987411904
1500,ADRC,43,707.141876832043
1500,ADRC,44,694.373416254822
1500,ADRC,45,681.82458726842
1500,ADRC,46,669.492349509898
1500,ADRC,47,657.373647183723
1500,ADRC,48,645.465414935369
1500,ADRC,49,633.764583140258
1500,ADRC,50,622.268082662495
1500,ADRC,51,610.97284913258
1500,ADRC,52,599.875826788552
1500,ADRC,53,588.973971920794
1500,ADRC,54,578.264255956899
1500,ADRC,55,567.743668219559
1500,ADRC,56,557.409218387314
1500,ADRC,57,547.257938685263
1500,ADRC,58,537.286885830242
1500,ADRC,59,527.493142752773
1500,ADRC,60,517.873820115981
1500,ADRC,61,508.42605764986
1500,ADRC,62,499.147025317566
1500,ADRC,63,490.03392432892
1500,ADRC,64,481.083988014921
1500,ADRC,65,472.294482575836
1500,ADRC,66,463.662707714299
1500,ADRC,67,455.185997163848
1500,ADRC,68,446.861719122388
1500,ADRC,69,438.687276599249
1500,ADRC,70,430.660107683723
1500,ADRC,71,422.7776857423
1500,ADRC,72,415.037519551174
1500,ADRC,73,407.437153370023
1500,ADRC,74,399.974166962569
1500,ADRC,75,392.646175568902
1500,ADRC,76,385.450829834187
1500,ADRC,77,378.385815697918
1500,ADRC,78,371.448854247569
1500,ADRC,79,364.637701540142
1500,ADRC,80,357.950148394829
1500,ADRC,81,351.384020159713
1500,ADRC,82,344.937176455214
1500,ADRC,83,338.607510896733
1500,ADRC,84,332.392950798741
1500,ADRC,85,326.291456862395
1500,ADRC,86,320.301022848565
1500,ADRC,87,314.419675237993
1500,ADRC,88,308.645472880185
1500,ADRC,89,302.976506632487
1500,ADRC,90,297.410898990664
1500,ADRC,91,291.946803712209
1500,ADRC,92,286.582405433495
1500,ADRC,93,281.315919281795
1500,ADRC,94,276.145590483084
1500,ADRC,95,271.069693966509
1500,ADRC,96,266.086533966278
1500,ADRC,97,261.194443621691
1500,ADRC,98,256.391784575975
1500,ADRC,99,251.676946574496
1500,ADRC,100,247.048347062917
1500,ADRC,101,242.504430785766
1500,ADRC,102,238.043669385883
1500,ADRC,103,233.66456100516
1500,ADRC,104,229.365629886915
1500,ADRC,105,225.145425980279
1500,ADRC,106,221.002524546863
1500,ADRC,107,216.935525769999
1500,ADRC,108,212.94305436681
1500,ADRC,109,209.023759203308
1500,ADRC,110,205.17631291275
1500,ADRC,111,201.399411517406
1500,ADRC,112,197.691774053919
1500,ADRC,113,194.052142202383
1500,ADRC,114,190.479279919283
1500,ADRC,115,186.971973074382
1500,ADRC,116,183.529029091681
1500,ADRC,117,180.149276594511
1500,ADRC,118,176.831565054842
1500,ADRC,119,173.574764446866
1500,ADRC,120,170.377764904907
1500,ADRC,121,167.239476385692
1500,ADRC,122,164.158828335032
1500,ADRC,123,161.134769358912
1500,ADRC,124,158.166266899043
1500,ADRC,125,155.252306912851
1500,ADRC,126,152.391893557935
1500,ADRC,127,149.584048880986
1500,ADRC,128,146.827812511152
1500,ADRC,129,144.122241357855
1500,ADRC,130,141.466409313038
1500,ADRC,131,138.859406957817
1500,ADRC,132,136.300341273538
1500,ADRC,133,133.788335357183
1500,ADRC,134,131.322528141133
1500,ADRC,135,128.902074117223
1500,ADRC,136,126.526143065084
1500,ADRC,137,124.193919784725
1500,ADRC,138,121.904603833314
1500,ADRC,139,119.657409266131
1500,ADRC,140,117.451564381645
1500,ADRC,141,115.286311470672
1500,ADRC,142,113.160906569582
1500,ADRC,143,111.074619217499
1500,ADRC,144,109.026732217455
1500,ADRC,145,107.016541401457
1500,ADRC,146,105.043355399411
1500,ADRC,147,103.106495411857
1500,ADRC,148,101.205294986489
1500,ADRC,149,99.3390997983702
1500,ADRC,150,97.507267433843
1500,ADRC,151,95.7091671780497
1500,ADRC,152,93.9441798060313
1500,ADRC,153,92.2116973773557
1500,ADRC,154,90.5111230342213
1500,ADRC,155,88.8418708029915
1500,ADRC,156,87.2033653991089
1500,ADRC,157,85.5950420353429
1500,ADRC,158,84.0163462333239
1500,ADRC,159,82.4667336383075
1500,ADRC,160,80.9456698371337
1500,ADRC,161,79.4526301793212
1500,ADRC,162,77.987099601261
1500,ADRC,163,76.5485724534506
1500,ADRC,164,75.136552330729
1500,ADRC,165,73.7505519054705
1500,ADRC,166,72.3900927636782
1500,ADRC,167,71.0547052439442
1500,ADRC,168,69.7439282792247
1500,ADRC,169,68.4573092413914
1500,ADRC,170,67.1944037885023
1500,ADRC,171,65.9547757147686
1500,ADRC,172,64.7379968031507
1500,ADRC,173,63.5436466805627
1500,ADRC,174,62.3713126756261
1500,ADRC,175,61.2205896789399
1500,ADRC,176,60.0910800058259
1500,ADRC,177,58.9823932615041
1500,ADRC,178,57.8941462086577
1500,ADRC,179,56.825962637357
1500,ADRC,180,55.7774732372893
1500,ADRC,181,54.7483154722679
1500,ADRC,182,53.7381334569741
1500,ADRC,183,52.7465778359021
1500,ADRC,184,51.7733056644588
1500,ADRC,185,50.8179802921948
1500,ADRC,186,49.8802712481197
1500,ADRC,187,48.9598541280729
1500,ADRC,188,48.0564104841119
1500,ADRC,189,47.169627715884
1500,ADRC,190,46.2991989639447
1500,ADRC,191,45.4448230049986
1500,ADRC,192,44.6062041490179
1500,ADRC,193,43.7830521382116
1500,ADRC,194,42.975082047815
1500,ADRC,195,42.182014188666
1500,ADRC,196,41.4035740115353
1500,ADRC,197,40.6394920131834
1500,ADRC,198,39.8895036441124
1500,ADRC,199,39.1533492179838
1500,ADRC,200,38.4307738226701
1500,ADRC,201,37.7215272329197
1500,ADRC,202,37.0253638245945
1500,ADRC,203,36.3420424904652
1500,ADRC,204,35.671326557527
1500,ADRC,205,35.012983705813
1500,ADRC,206,34.3667858886852
1500,ADRC,207,33.7325092545598
1500,ADRC,208,33.1099340700616
1500,ADRC,209,32.4988446445682
1500,ADRC,210,31.8990292561236
1500,ADRC,211,31.3102800787021
1500,ADRC,212,30.7323931107867
1500,ADRC,213,30.1651681052506
1500,ADRC,214,29.608408500512
1500,ADRC,215,29.061921352943
1500,ADRC,216,28.525517270502
1500,ADRC,217,27.9990103475834
1500,ADRC,218,27.4822181010459
1500,ADRC,219,26.9749614074094
1500,ADRC,220,26.4770644411967
1500,ADRC,221,25.9883546143963
1500,ADRC,222,25.5086625170313
1500,ADRC,223,25.0378218588094
1500,ADRC,224,24.57566941184
1500,ADRC,225,24.1220449543964
1500,ADRC,226,23.6767912157025
1500,ADRC,227,23.2397538217278
1500,ADRC,228,22.8107812419717
1500,ADRC,229,22.3897247372242
1500,ADRC,230,21.9764383082759
1500,ADRC,231,21.5707786455664
1500,ADRC,232,21.172605079754
1500,ADRC,233,20.7817795331891
1500,ADRC,234,20.3981664722749
1500,ADRC,235,20.0216328606994
1500,ADRC,236,19.6520481135203
1500,ADRC,237,19.2892840520956
1500,ADRC,238,18.9332148598348
1500,ADRC,239,18.5837170387604
1500,ADRC,240,18.2406693668672
1500,ADRC,241,17.9039528562587
1500,ADRC,242,17.5734507120528
1500,ADRC,243,17.2490482920423
1500,ADRC,244,16.9306330670872
1500,ADRC,245,16.6180945822425
1500,ADRC,246,16.3113244185879
1500,ADRC,247,16.0102161557697
1500,ADRC,248,15.7146653352152
1500,ADRC,249,15.4245694240335
1500,ADRC,250,15.1398277795734
1500,ADRC,251,14.8603416146277
1500,ADRC,252,14.586013963285
1500,ADRC,253,14.3167496473993
1500,ADRC,254,14.0524552436791
1500,ADRC,255,13.7930390513802
1500,ADRC,256,13.5384110605885
1500,ADRC,257,13.2884829210907
1500,ADRC,258,13.0431679118121
1500,ADRC,259,12.802380910814
1500,ADRC,260,12.5660383658476
1500,ADRC,261,12.3340582654457
1500,ADRC,262,12.1063601105425
1500,ADRC,263,11.8828648866197
1500,ADRC,264,11.6634950363621
1500,ADRC,265,11.4481744328152
1500,ADRC,266,11.2368283530359
1500,ADRC,267,11.0293834522295
1500,ADRC,268,10.8257677383576
1500,ADRC,269,10.6259105472179
1500,ADRC,270,10.4297425179805
1500,ADRC,271,10.2371955691681
1500,ADRC,272,10.0482028750898
1500,ADRC,273,9.86269884269655
1500,ADRC,274,9.6806190888683
1500,ADRC,275,9.50190041811584
1500,ADRC,276,9.32648080069748
1500,ADRC,277,9.15429935113161
1500,ADRC,278,8.98529630710914
1500,ADRC,279,8.8194130087943
1500,ADRC,280,8.65659187850247
1500,ADRC,281,8.49677640075265
1500,ADRC,282,8.33991110269267
1500,ADRC,283,8.18594153487629
1500,ADRC,284,8.0348142523992
1500,ADRC,285,7.88647679638166
1500,ADRC,286,7.74087767578953
1500,ADRC,287,7.59796634959321
1500,ADRC,288,7.45769320925206
1500,ADRC,289,7.32000956152251
1500,ADRC,290,7.18486761158442
1500,ADRC,291,7.05222044647394
1500,ADRC,292,6.92202201882583
1500,ADRC,293,6.79422713091049
1500,ADRC,294,6.66879141896902
1500,ADRC,295,6.54567133783621
1500,ADRC,296,6.42482414584401
1500,ADRC,297,6.30620789000545
1500,ADRC,298,6.1897813914693
1500,ADRC,299,6.0755042312453
1500,ADRC,300,5.96333673619188
1500,ADRC,301,5.85323996525835
1500,ADRC,302,5.74517569598561
1500,ADRC,303,5.63910641125221
1500,ADRC,304,5.53499528626526
1500,ADRC,305,5.43280617579239
1500,ADRC,306,5.33250360162469
1500,ADRC,307,5.23405274027959
1500,ADRC,308,5.13741941091871
1500,ADRC,309,5.04257006349735
1500,ADRC,310,4.94947176712776
1500,ADRC,311,4.85809219865996
1500,ADRC,312,4.76839963146813
1500,ADRC,313,4.68036292445026
1500,ADRC,314,4.59395151122385
1500,ADRC,315,4.50913538952682
1500,ADRC,316,4.42588511080885
1500,ADRC,317,4.34417177001706
1500,ADRC,318,4.26396699557063
1500,ADRC,319,4.18524293951737
1500,ADRC,320,4.10797226787327
1500,ADRC,321,4.03212815114398
1500,ADRC,322,3.95768425501115
1500,ADRC,323,3.8846147312031
1500,ADRC,324,3.81289420852227
1500,ADRC,325,3.74249778404624
1500,ADRC,326,3.67340101448622
1500,ADRC,327,3.60557990770781
1500,ADRC,328,3.53901091440662
1500,ADRC,329,3.47367091993578
1500,ADRC,330,3.40953723628832
1500,ADRC,331,3.34658759422427
1500,ADRC,332,3.28480013554213
1500,ADRC,333,3.22415340549696
1500,ADRC,334,3.16462634535537
1500,ADRC,335,3.10619828508379
1500,ADRC,336,3.04884893618282
1500,ADRC,337,2.99255838464273
1500,ADRC,338,2.93730708403245
1500,ADRC,339,2.88307584871859
1500,ADRC,340,2.82984584720657
1500,ADRC,341,2.7775985956057
1500,ADRC,342,2.7263159512147
1500,ADRC,343,2.67598010622532
1500,ADRC,344,2.62657358154047
1500,ADRC,345,2.57807922071129
1500,ADRC,346,2.5304801839809
1500,ADRC,347,2.4837599424402
1500,ADRC,348,2.43790227229101
1500,ADRC,349,2.39289124921493
1500,ADRC,350,2.34871124284837
1500,ADRC,351,2.30534691135563
1500,ADRC,352,2.26278319610333
1500,ADRC,353,2.22100531643673
1500,ADRC,354,2.17999876454564
1500,ADRC,355,2.13974930043219
1500,ADRC,356,2.10024294696586
1500,ADRC,357,2.06146598503369
1500,ADRC,358,2.02340494877512
1500,ADRC,359,1.98604662091202
1500,ADRC,360,1.94937802815843
1500,ADRC,361,1.91338643671588
1500,ADRC,362,1.87805934785661
1500,ADRC,363,1.84338449358279
1500,ADRC,364,1.80934983236693
1500,ADRC,365,1.77594354497478
1500,ADRC,366,1.74315403035962
1500,ADRC,367,1.71096990163551
1500,ADRC,368,1.67937998212778
1500,ADRC,369,1.64837330148725
1500,ADRC,370,1.61793909188782
1500,ADRC,371,1.58806678428209
1500,ADRC,372,1.55874600473908
1500,ADRC,373,1.52996657083759
1500,ADRC,374,1.50171848813306
1500,ADRC,375,1.47399194668787
1500,ADRC,376,1.44677731766615
1500,ADRC,377,1.42006514999002
1500,ADRC,378,1.39384616705865
1500,ADRC,379,1.36811126352927
1500,ADRC,380,1.34285150215101
1500,ADRC,381,1.31805811066988
1500,ADRC,382,1.29372247877404
1500,ADRC,383,1.26983615511335
1500,ADRC,384,1.24639084435876
1500,ADRC,385,1.22337840432533
1500,ADRC,386,1.2007908431442
1500,ADRC,387,1.17862031648747
1500,ADRC,388,1.15685912484673
1500,ADRC,389,1.13549971085763
1500,ADRC,390,1.11453465667591
1500,ADRC,391,1.09395668140382
1500,ADRC,392,1.07375863856032
1500,ADRC,393,1.05393351360135
1500,ADRC,394,1.0344744214824
1500,ADRC,395,1.01537460426857
1500,ADRC,396,0.996627428789907
1500,ADRC,397,0.978226384335358
1500,ADRC,398,0.960165080394972
1500,ADRC,399,0.942437244438452
1500,ADRC,400,0.925036719739637
1500,ADRC,401,0.907957463236016
1500,ADRC,402,0.891193543432792
1500,ADRC,403,0.874739138342193
1500,ADRC,404,0.858588533462125
1500,ADRC,405,0.842736119792107
1500,ADRC,406,0.827176391884905
1500,ADRC,407,0.81190394593591
1500,ADRC,408,0.796913477906401
1500,ADRC,409,0.782199781681584
1500,ADRC,410,0.767757747262749
1500,ADRC,411,0.753582358993526
1500,ADRC,412,0.739668693815929
1500,ADRC,413,0.726011919565281
1500,ADRC,414,0.712607293287647
1500,ADRC,415,0.699450159597291
1500,ADRC,416,0.686535949054814
1500,ADRC,417,0.673860176585777
1500,ADRC,418,0.661418439918634
1500,ADRC,419,0.64920641806134
1500,ADRC,420,0.637219869794308
1500,ADRC,421,0.625454632203628
1500,ADRC,422,0.613906619231784
1500,ADRC,423,0.602571820260891
1500,ADRC,424,0.591446298718665
1500,ADRC,425,0.58052619071168
1500,ADRC,426,0.569807703682955
1500,ADRC,427,0.559287115097959
1500,ADRC,428,0.548960771147449
1500,ADRC,429,0.538825085482131
1500,ADRC,430,0.528876537965289
1500,ADRC,431,0.519111673452699
1500,ADRC,432,0.509527100589366
1500,ADRC,433,0.500119490634461
1500,ADRC,434,0.49088557630489
1500,ADRC,435,0.481822150639573
1500,ADRC,436,0.47292606588735
1500,ADRC,437,0.464194232413092
1500,ADRC,438,0.455623617623814
1500,ADRC,439,0.447211244918208
1500,ADRC,440,0.438954192648907
1500,ADRC,441,0.430849593112271
1500,ADRC,442,0.422894631549525
1500,ADRC,443,0.415086545170652
1500,ADRC,444,0.407422622194417
1500,ADRC,445,0.399900200905904
1500,ADRC,446,0.392516668733833
1500,ADRC,447,0.385269461343114
1500,ADRC,448,0.378156061742629
1500,ADRC,449,0.371173999411212
1500,ADRC,450,0.36432084944272
1500,ADRC,451,0.357594231700432
1500,ADRC,452,0.350991809992365
1500,ADRC,453,0.34451129125955
1500,ADRC,454,0.338150424779542
1500,ADRC,455,0.331907001384479
1500,ADRC,456,0.325778852694611
1500,ADRC,457,0.31976385036478
1500,ADRC,458,0.31385990534568
1500,ADRC,459,0.308064967157406
1500,ADRC,460,0.302377023179361
1500,ADRC,461,0.29679409794835
1500,ADRC,462,0.291314252475331
1500,ADRC,463,0.28593558357079
1500,ADRC,464,0.280656223183087
1500,ADRC,465,0.27547433775112
1500,ADRC,466,0.270388127566548
1500,ADRC,467,0.26539582614987
1500,ADRC,468,0.260495699635612
1500,ADRC,469,0.25568604617024
1500,ADRC,470,0.250965195323488
1500,ADRC,471,0.24633150750401
1500,ADRC,472,0.24178337339481
1500,ADRC,473,0.237319213390265
1500,ADRC,474,0.23293747704929
1500,ADRC,475,0.228636642557831
1500,ADRC,476,0.224415216197713
1500,ADRC,477,0.220271731830962
1500,ADRC,478,0.216204750388442
1500,ADRC,479,0.21221285937122
1500,ADRC,480,0.208294672358306
1500,ADRC,481,0.204448828528257
1500,ADRC,482,0.200673992183283
1500,ADRC,483,0.196968852287455
1500,ADRC,484,0.193332122010361
1500,ADRC,485,0.189762538281002
1500,ADRC,486,0.186258861348733
1500,ADRC,487,0.182819874352163
1500,ADRC,488,0.179444382897373
1500,ADRC,489,0.176131214642282
1500,ADRC,490,0.172879218891467
1500,ADRC,491,0.16968726619325
1500,ADRC,492,0.166554247950444
1500,ADRC,493,0.163479076034719
1500,ADRC,494,0.160460682405756
1500,ADRC,495,0.1574980187454
1500,ADRC,496,0.154590056089091
1500,ADRC,497,0.151735784471384
1500,ADRC,498,0.148934212573067
1500,ADRC,499,0.146184367378737
1500,ADRC,500,0.14348529383733
1500,ADRC,501,0.140836054532201
1500,ADRC,502,0.13823572935371
1500,ADRC,503,0.13568341518021
1500,ADRC,504,0.133178225565416
1500,ADRC,505,0.130719290429624
1500,ADRC,506,0.128305755757083
1500,ADRC,507,0.125936783299721
1500,ADRC,508,0.123611550287478
1500,ADRC,509,0.121329249141809
1500,ADRC,510,0.119089087192606
1500,ADRC,511,0.116890286406033
1500,ADRC,512,0.114732083114177
1500,ADRC,513,0.112613727748339
1500,ADRC,514,0.11053448457892
1500,ADRC,515,0.108493631460533
1500,ADRC,516,0.106490459582346
1500,ADRC,517,0.104524273218203
1500,ADRC,518,0.102594389489013
1500,ADRC,519,0.100700138124012
1500,ADRC,520,0.098840861226563
1500,ADRC,521,0.0970159130483808
1500,ADRC,522,0.0952246597628346
1500,ADRC,523,0.0934664792464446
1500,ADRC,524,0.0917407608628764
1500,ADRC,525,0.090046905248073
